sex,country_code,age1,age2,age3,age4,age5,age6,age7,age8,age9,age10,age11,age12,age13,age14,age15,age16,age17,age18
0,108,2116978,1912941,1628911,1317659,1088697,999325,923451,746542,521541,340938,264195,236389,207546,155657,85309,42904,23303,12559
1,108,1069292,964309,818289,659637,542626,495426,456625,369276,257111,163898,122055,109100,97303,72936,38591,17913,9188,4571
2,108,1047686,948632,810622,658022,546071,503899,466826,377266,264430,177040,142140,127289,110243,82721,46718,24991,14115,7988
0,174,125414,117488,106147,93528,82623,73742,66216,57319,46276,36708,29740,24037,18709,13286,7989,4577,2440,1172
1,174,63885,59796,53993,47520,41937,37391,33519,28944,23276,18366,14783,11822,9035,6262,3689,2029,1024,451
2,174,61529,57692,52154,46008,40686,36351,32697,28375,23000,18342,14957,12215,9674,7024,4300,2548,1416,721
0,231,17261892,15810824,14313621,13270742,12278598,10529336,8255000,6674682,5381432,4354873,3521543,2679165,2138518,1668087,1229906,805126,411500,227853
1,231,8759006,8009182,7235545,6689516,6188420,5311496,4145443,3302183,2649610,2185184,1739976,1265952,981834,772495,563093,363181,186606,99471
2,231,8502886,7801642,7078076,6581226,6090178,5217840,4109557,3372499,2731822,2169689,1781567,1413213,1156684,895592,666813,441945,224894,128382
0,232,506095,471684,487419,417105,301525,274422,277213,219204,150680,138822,104384,79897,70859,58325,47466,31560,16528,9060
1,232,258177,240974,248811,212615,152159,137747,139344,109955,74066,67328,50359,38472,34275,26738,20854,13662,6921,3433
2,232,247918,230710,238608,204490,149366,136675,137869,109249,76614,71494,54025,41425,36584,31587,26612,17898,9607,5627
0,262,96776,99931,91639,89501,91047,88122,87039,80208,70144,58753,45871,37510,29242,19799,14189,9316,4616,2395
1,262,49706,49782,48732,49342,49451,47546,46038,41173,36426,31620,24024,19326,15098,9789,6866,4467,2115,1023
2,262,47070,50149,42907,40159,41596,40576,41001,39035,33718,27133,21847,18184,14144,10010,7323,4849,2501,1372
0,404,7169506,6984190,6875170,6316580,5540272,4640522,4114538,3673124,2999735,2345215,1770250,1312676,966538,689273,435574,223433,105481,53147
1,404,3625985,3516815,3462679,3178750,2775363,2311460,2038731,1814568,1479032,1152940,863612,628827,449131,306919,184578,89120,38446,17368
2,404,3543521,3467375,3412491,3137830,2764909,2329062,2075807,1858556,1520703,1192275,906638,683849,517407,382354,250996,134313,67035,35779
0,450,4292918,3804700,3443935,3129707,2810713,2395997,1963280,1633403,1390071,1154521,923692,729325,564951,417589,257818,141777,77722,45956
1,450,2170579,1922559,1735141,1570162,1403865,1193554,978543,815596,693943,571855,452232,352174,268696,196112,118321,62479,33693,20252
2,450,2122339,1882141,1708794,1559545,1406848,1202443,984737,817807,696128,582666,471460,377151,296255,221477,139497,79298,44029,25704
0,454,3038921,2792552,2646436,2330616,1955689,1639452,1381376,1094367,861600,686449,524371,394910,296836,215058,155711,99384,47443,19667
1,454,1534497,1409738,1331197,1166527,973680,808790,673767,531068,418005,331662,248277,181437,132157,92711,63370,37137,15897,5717
2,454,1504424,1382814,1315239,1164089,982009,830662,707609,563299,443595,354787,276094,213473,164679,122347,92341,62247,31546,13950
0,480,63584,65983,75156,90222,93945,100561,94444,84506,95741,88848,81285,88232,79742,65064,49295,28936,15888,13288
1,480,32415,33621,38285,45980,47564,50546,47266,42379,48143,44586,40505,43301,38426,30479,22039,12114,6110,4197
2,480,31169,32362,36871,44242,46381,50015,47178,42127,47598,44262,40780,44931,41316,34585,27256,16822,9778,9091
0,508,5388621,4769553,4243147,3745312,3145162,2557246,2091835,1730719,1393973,1083063,839141,656108,503017,381079,274241,168797,83120,35329
1,508,2706089,2393819,2123514,1864618,1556254,1257915,1024441,833584,655381,488395,355907,274022,210443,154564,104847,59407,26538,9904
2,508,2682532,2375734,2119633,1880694,1588908,1299331,1067394,897135,738592,594668,483234,382086,292574,226515,169394,109390,56582,25425
0,638,63404,66664,67505,69906,66523,57337,50594,49289,54853,58530,63379,62787,53123,43612,31689,21132,14161,13575
1,638,32151,33887,34341,35537,33940,28730,23939,22341,25026,27581,30510,30164,25538,20692,14820,9631,5924,4638
2,638,31253,32777,33164,34369,32583,28607,26655,26948,29827,30949,32869,32623,27585,22920,16869,11501,8237,8937
0,646,1948434,1741847,1599170,1428375,1241030,1070574,991096,898122,689759,506619,375942,362081,299555,200883,126600,70705,31828,17846
1,646,982833,875677,799484,710339,615396,524503,489991,429275,325752,240152,180944,181386,145703,91045,52703,26504,11480,6373
2,646,965601,866170,799686,718036,625634,546071,501105,468847,364007,266467,194998,180695,153852,109838,73897,44201,20348,11473
0,706,2993930,2509616,2205661,1917508,1629274,1284139,952978,718273,580919,507823,430432,344537,273306,209352,143627,82528,39317,18585
1,706,1508146,1263013,1109460,962658,815930,639947,472422,353705,283188,244565,205325,165676,134125,103170,70053,39181,17518,7673
2,706,1485784,1246603,1096201,954850,813344,644192,480556,364568,297731,263258,225107,178861,139181,106182,73574,43347,21799,10912
0,716,2003496,2213877,2045423,1717631,1440542,1162591,1005209,902301,780174,588918,419271,325725,253266,194046,126458,81974,48223,22301
1,716,1008108,1111232,1024445,855253,707075,543071,438553,393938,354859,271162,192536,145394,106233,75714,46583,28015,14848,5430
2,716,995388,1102645,1020978,862378,733467,619520,566656,508363,425315,317756,226735,180331,147033,118332,79875,53959,33375,16871
0,728,1739885,1574408,1424197,1250510,1097133,946631,787826,629597,511988,424759,347765,278073,213470,151877,110822,74322,37194,18060
1,728,881390,796971,720539,631536,552045,474546,393786,314086,254940,210491,170614,134439,101399,70653,51264,34100,16474,7479
2,728,858495,777437,703658,618974,545088,472085,394040,315511,257048,214268,177151,143634,112071,81224,59558,40222,20720,10581
0,800,7965398,7330095,6520204,5602585,4652708,3809144,3082824,2445729,1918006,1485575,1151401,864479,617724,435510,284564,162697,73616,30614
1,800,4024824,3697400,3285458,2816970,2302773,1848708,1480204,1168953,916289,714259,556054,409761,280477,186281,114437,61097,25283,8939
2,800,3940574,3632695,3234746,2785615,2349935,1960436,1602620,1276776,1001717,771316,595347,454718,337247,249229,170127,101600,48333,21675
0,834,10184524,8996691,8031320,6910132,5651814,4795851,4145408,3476709,2876849,2315177,1804713,1375104,1025152,727405,496660,296056,135773,53204
1,834,5149376,4549020,4060653,3485199,2838088,2401302,2069004,1731250,1433100,1151944,891614,667222,483411,331351,213852,118995,50592,17735
2,834,5035148,4447671,3970667,3424933,2813726,2394549,2076404,1745459,1443749,1163233,913099,707882,541741,396054,282808,177061,85181,35469
0,894,3055867,2807838,2544405,2243702,1885682,1538114,1271387,1056730,870276,673852,483509,354062,260112,180237,120223,72456,35878,15908
1,894,1545030,1416979,1281807,1125356,938166,757237,619872,514198,425712,330246,234784,167881,118256,76874,48089,26641,11575,4198
2,894,1510837,1390859,1262598,1118346,947516,780877,651515,542532,444564,343606,248725,186181,141856,103363,72134,45815,24303,11710
0,910,70060353,64114314,58392698,51979964,45085994,37990707,31566219,26194306,21216754,16870327,13198178,10219085,7882706,5834155,4003286,2421303,1206440,612448
1,910,35424218,32366859,29434336,26127109,22551495,18883686,15583138,12827423,10364906,8256835,6382820,4833195,3636902,2628653,1740517,1007327,481235,229532
2,910,34636135,31747455,28958362,25852855,22534499,19107021,15983081,13366883,10851848,8613492,6815358,5385890,4245804,3205502,2262769,1413976,725205,382916
0,120,4233256,3863403,3478020,3027919,2560143,2215837,1952408,1651657,1312244,1016163,786948,601843,448432,327458,221688,129204,61194,23727
1,120,2136965,1949162,1752946,1522855,1284488,1109484,976338,826103,656756,507318,390037,294295,214768,152726,99878,55752,25110,9044
2,120,2096291,1914241,1725074,1505064,1275655,1106353,976070,825554,655488,508845,396911,307548,233664,174732,121810,73452,36084,14683
0,140,756428,701953,676154,621993,520195,392458,294308,234878,190512,160061,134076,107625,84075,61230,39595,23862,12236,5039
1,140,381285,352941,339382,311432,260264,196314,147146,117229,94116,78126,64533,50311,37617,26041,15927,8935,4153,1405
2,140,375143,349012,336772,310561,259931,196144,147162,117649,96396,81935,69543,57314,46458,35189,23668,14927,8083,3634
0,148,3055271,2644642,2298853,1969967,1643129,1339014,1068385,840880,658733,512353,391532,306390,245363,190120,124026,70773,36477,17666
1,148,1538864,1327749,1152161,985936,822563,670170,534638,421104,330006,255541,192748,147867,115744,87063,56546,32311,16049,7085
2,148,1516407,1316893,1146692,984031,820566,668844,533747,419776,328727,256812,198784,158523,129619,103057,67480,38462,20428,10581
0,178,840371,792576,722217,615956,509862,422505,364804,332980,304389,259531,205432,153442,107711,73182,47417,27439,12963,5024
1,178,424753,400032,363928,309733,255816,211753,182764,166413,151860,129498,102065,75230,51506,33724,20642,11157,4918,1712
2,178,415618,392544,358289,306223,254046,210752,182040,166567,152529,130033,103367,78212,56205,39458,26775,16282,8045,3312
0,180,16483743,14416294,12328831,10214762,8315086,6864366,5710896,4725067,3883679,3175231,2582881,2059385,1588976,1168523,824357,516548,257571,124586
1,180,8323522,7270969,6211459,5135611,4164117,3427448,2845020,2347324,1923171,1565789,1265803,1000079,762120,552000,378846,228768,109320,48612
2,180,8160221,7145325,6117372,5079151,4150969,3436918,2865876,2377743,1960508,1609442,1317078,1059306,826856,616523,445511,287780,148251,75974
0,226,209448,182552,157804,137997,144694,156393,149287,114994,73604,48382,38331,28150,19892,15611,10029,5577,2779,1149
1,226,105834,92471,80336,71449,82830,97505,94860,72010,44708,28014,21170,14815,9951,7599,4770,2562,1232,511
2,226,103614,90081,77468,66548,61864,58888,54427,42984,28896,20368,17161,13335,9941,8012,5259,3015,1547,638
0,24,6057972,5363783,4651127,3835374,3099985,2574550,2175397,1791924,1433693,1163876,870636,692792,537563,338465,216989,129990,62772,30452
1,24,3054029,2704010,2325846,1902969,1531967,1267270,1065819,873593,695424,559874,413645,334262,256737,158816,98652,54972,23955,10681
2,24,3003943,2659773,2325281,1932405,1568018,1307280,1109578,918331,738269,604002,456991,358530,280826,179649,118337,75018,38817,19771
0,266,324718,297619,248425,204927,181365,183086,190548,173219,140049,111640,87040,62427,43917,32296,23023,15002,8237,3994
1,266,164101,150180,125210,103089,91162,92451,96397,89597,75646,61372,46593,31641,21428,15389,10595,6387,3156,1369
2,266,160617,147439,123215,101838,90203,90635,94151,83622,64403,50268,40447,30786,22489,16907,12428,8615,5081,2625
0,678,32274,30931,29695,26463,20514,15523,13977,12918,11634,8638,7249,6055,4555,3167,1893,1086,672,435
1,678,16327,15636,15001,13368,10374,7856,7050,6523,5830,4268,3569,2880,2117,1437,848,471,252,135
2,678,15947,15295,14694,13095,10140,7667,6927,6395,5804,4370,3680,3175,2438,1730,1045,615,420,300
0,911,31993481,28293753,24591126,20655358,16994973,14163732,11920010,9878517,8008537,6455875,5104125,4018109,3080484,2210052,1509017,919481,454901,212072
1,911,16145680,14263150,12366269,10356442,8503581,7080251,5950032,4919896,3977517,3189800,2500163,1951380,1471988,1034795,686704,401315,188145,80554
2,911,15847801,14030603,12224857,10298916,8491392,7083481,5969978,4958621,4031020,3266075,2603962,2066729,1608496,1175257,822313,518166,266756,131518
0,12,4950649,4861879,4183014,3193327,2850711,3345982,3707233,3653070,3238667,2634337,2176177,1847173,1489458,1214976,843467,533194,356939,269888
1,12,2527406,2482047,2134180,1628151,1455107,1700861,1870906,1836511,1625435,1316025,1082694,918686,748041,617346,423553,254823,163874,127041
2,12,2423243,2379832,2048834,1565176,1395604,1645121,1836327,1816559,1613232,1318312,1093483,928487,741417,597630,419914,278371,193065,142847
0,434,600748,656668,645408,583695,543859,543631,573248,581284,572716,519411,415426,287708,184790,129316,87250,58580,36174,20837
1,434,308532,337284,330993,298920,277136,274577,286887,290384,289222,264916,212109,142917,87997,60330,39657,25881,15299,7899
2,434,292216,319384,314415,284775,266723,269054,286361,290900,283494,254495,203317,144791,96793,68986,47593,32699,20875,12938
0,504,3217260,3448596,3253881,3010974,2871902,2952173,2921518,2802214,2512689,2174351,1968652,1853229,1664117,1309294,809659,509444,327815,164989
1,504,1652305,1767916,1670442,1542642,1466548,1499525,1461716,1363980,1192474,1014236,924504,906098,825161,646043,402124,236015,134087,56603
2,504,1564955,1680680,1583439,1468332,1405354,1452648,1459802,1438234,1320215,1160115,1044148,947131,838956,663251,407535,273429,193728,108386
0,729,6535680,5964933,5490148,5000586,4400906,3722324,3017850,2521504,2150816,1798456,1506933,1214524,935039,701895,488462,299179,155736,87047
1,729,3315185,3022985,2781146,2530076,2222549,1877240,1510620,1238233,1037865,868324,734437,589747,448201,332379,228544,137220,69398,37205
2,729,3220495,2941948,2709002,2470510,2178357,1845084,1507230,1283271,1112951,930132,772496,624777,486838,369516,259918,161959,86338,49842
0,788,954969,1040183,918646,798024,796432,873559,915966,976418,912427,758990,709314,673952,573407,459323,296854,176585,119288,92319
1,788,489365,534716,474891,414060,414269,447433,448938,477502,443503,366904,339253,326782,281105,219848,135019,76557,49461,35389
2,788,465604,505467,443755,383964,382163,426126,467028,498916,468924,392086,370061,347170,292302,239475,161835,100028,69827,56930
0,818,12299923,12894512,10726459,8923005,8504081,8183427,8123802,7562309,6469589,5286174,4392934,3784140,3139191,2324837,1711756,1020197,488702,321654
1,818,6318315,6641293,5525103,4591132,4366014,4159568,4093401,3824979,3284669,2634304,2146087,1860196,1536784,1117387,786501,437720,193670,112254
2,818,5981608,6253219,5201356,4331873,4138067,4023859,4030401,3737330,3184920,2651870,2246847,1923944,1602407,1207450,925255,582477,295032,209400
0,912,28615568,28924646,25270446,21559685,20019256,19676346,19317354,18151905,15905818,13212239,11201400,9685422,8005171,6152493,4243890,2600024,1486040,957478
1,912,14639587,14815466,12943446,11030247,10227753,9987573,9702712,9061357,7899782,6486396,5456213,4758047,3937865,3000379,2018894,1169645,626460,376745
2,912,13975981,14109180,12327000,10529438,9791503,9688773,9614642,9090548,8006036,6725843,5745187,4927375,4067306,3152114,2224996,1430379,859580,580733
0,426,253309,230773,212347,211742,203843,189211,175852,158177,129951,98766,77690,66616,56597,43557,30862,19567,10533,6302
1,426,127562,115639,105866,105649,102630,96052,90915,83523,68784,50268,36315,29025,23251,16840,11626,6908,3047,1183
2,426,125747,115134,106481,106093,101213,93159,84937,74654,61167,48498,41375,37591,33346,26717,19236,12659,7486,5119
0,516,336837,327495,296894,254443,240953,234149,208275,171349,138558,113762,88920,70759,55372,39033,25583,16681,9638,5173
1,516,168734,163707,148174,126670,119192,114850,101570,83199,66982,54342,40960,31026,22981,14897,9431,6046,3166,1438
2,516,168103,163788,148720,127773,121761,119299,106705,88150,71576,59420,47960,39733,32391,24136,16152,10635,6472,3735
0,710,5700398,5843366,5681281,5130793,4881837,5097825,5356721,5047418,4121257,3370701,2833071,2323869,1875346,1447935,974800,597945,321818,149753
1,710,2886431,2955071,2869103,2583315,2453479,2565119,2697727,2536038,2051183,1647399,1357749,1085396,841677,617178,390875,219853,105437,40949
2,710,2813967,2888295,2812178,2547478,2428358,2532706,2658994,2511380,2070074,1723302,1475322,1238473,1033669,830757,583925,378092,216381,108804
0,72,268953,271601,255923,234775,211798,200871,191770,182305,161385,125536,89878,68802,60388,49060,32890,20396,10174,4649
1,72,136181,137342,129390,118831,107239,100762,93389,85922,74812,58177,42079,30427,24277,19523,13555,8122,3603,1342
2,72,132772,134259,126533,115944,104559,100109,98381,96383,86573,67359,47799,38375,36111,29537,19335,12274,6571,3307
0,748,143792,140985,145793,133430,113696,102329,87379,79580,66314,48141,33189,23230,19428,16835,13548,9367,5166,2619
1,748,72620,71124,73193,67010,58765,53918,42367,34812,28773,22808,18044,12977,10016,7678,5206,3056,1344,462
2,748,71172,69861,72600,66420,54931,48411,45012,44768,37541,25333,15145,10253,9412,9157,8342,6311,3822,2157
0,913,6703289,6814220,6592238,5965183,5652127,5824385,6019997,5638829,4617465,3756906,3122748,2553276,2067131,1596420,1077683,663956,357329,168496
1,913,3391528,3442883,3325726,3001475,2841305,2930701,3025968,2823494,2290534,1832994,1495147,1188851,922202,676116,430693,243985,116597,45374
2,913,3311761,3371337,3266512,2963708,2810822,2893684,2994029,2815335,2326931,1923912,1627601,1364425,1144929,920304,646990,419971,240732,123122
0,132,50547,53104,51363,48142,45172,49452,53556,49261,39590,31184,26232,23638,17779,12142,6362,3622,3492,3038
1,132,25590,26954,25956,24070,22835,25388,28013,25988,20795,16663,13412,11052,7810,4997,2333,1076,1123,926
2,132,24957,26150,25407,24072,22337,24064,25543,23273,18795,14521,12820,12586,9969,7145,4029,2546,2369,2112
0,204,1980603,1761499,1561496,1361289,1176436,1005544,840116,695085,574877,472453,386593,308816,235310,171552,117427,76067,39999,19566
1,204,1005136,893263,791529,689151,593996,505499,419848,345116,283372,230969,187543,147935,110817,79798,51024,30915,15937,7103
2,204,975467,868236,769967,672138,582440,500045,420268,349969,291505,241484,199050,160881,124493,91754,66403,45152,24062,12463
0,270,425387,372027,319113,272349,237933,210864,174546,133928,104802,82250,68031,55223,38175,26041,19110,11783,5143,1788
1,270,214803,187821,160810,136460,118082,103865,85705,64776,49869,39243,31956,25783,18657,12877,9227,5686,2437,797
2,270,210584,184206,158303,135889,119851,106999,88841,69152,54933,43007,36075,29440,19518,13164,9883,6097,2706,991
0,288,4233202,4006664,3634468,3248749,2953341,2646178,2360272,2045098,1717512,1468310,1253457,1018486,745187,474002,305584,177190,75954,31800
1,288,2161600,2045927,1855678,1659567,1509779,1353659,1207484,1042555,870080,738307,625511,502579,360401,223933,141414,79248,32507,13403
2,288,2071602,1960737,1778790,1589182,1443562,1292519,1152788,1002543,847432,730003,627946,515907,384786,250069,164170,97942,43447,18397
0,324,2184930,1939744,1749476,1575611,1382161,1150720,909370,704293,545705,427838,348971,292722,239515,186468,118168,65527,32340,12133
1,324,1100192,976668,881222,794999,698963,579357,445710,327375,239727,179902,142800,116745,92265,70175,43878,24627,12412,4558
2,324,1084738,963076,868254,780612,683198,571363,463660,376918,305978,247936,206171,175977,147250,116293,74290,40900,19928,7575
0,384,4296956,3793911,3337469,3005641,2674256,2266403,1862921,1522071,1258117,1006418,784245,625066,495055,367110,232868,130857,61520,21417
1,384,2162225,1906558,1675903,1505362,1333491,1128000,927286,759158,633299,514307,407972,329477,262428,194403,123917,68550,30519,9803
2,384,2134731,1887353,1661566,1500279,1340765,1138403,935635,762913,624818,492111,376273,295589,232627,172707,108951,62307,31001,11614
0,430,764485,697416,643476,579925,496559,404968,345682,308807,262537,213289,169744,134022,103865,76546,49199,31055,16897,6647
1,430,390137,355858,327934,294878,251268,203786,173471,155033,131763,106549,83829,64903,48971,34902,21797,13621,7304,2766
2,430,374348,341558,315542,285047,245291,201182,172211,153774,130774,106740,85915,69119,54894,41644,27402,17434,9593,3881
0,466,3762028,3293289,2909194,2435480,1923776,1526547,1238293,1039592,878319,713222,541247,392093,292581,227850,152507,89774,42656,15328
1,466,1912826,1674173,1478866,1235517,971530,765570,618346,517073,434180,349418,260234,182601,132024,101595,66745,38766,18651,6813
2,466,1849202,1619116,1430328,1199963,952246,760977,619947,522519,444139,363804,281013,209492,160557,126255,85762,51008,24005,8515
0,478,711514,646718,568750,495086,436465,388329,349477,304990,253263,203729,161430,126439,96161,67685,44336,26952,13769,6886
1,478,362399,328704,288403,250796,221063,196681,176963,154305,127646,101729,79404,60968,45340,31231,19150,10761,5300,2525
2,478,349115,318014,280347,244290,215402,191648,172514,150685,125617,102000,82026,65471,50821,36454,25186,16191,8469,4361
0,562,5094685,4257691,3527894,2866806,2283149,1790399,1391083,1078819,884474,739084,595021,502035,397872,291304,201513,115912,49279,16640
1,562,2597585,2165584,1792453,1456822,1161734,913761,699808,506111,409724,355996,281736,248612,202651,150284,100711,52584,21161,6892
2,562,2497100,2092107,1735441,1409984,1121415,876638,691275,572708,474750,383088,313285,253423,195221,141020,100802,63328,28118,9748
0,566,35022483,31201422,27215722,23223312,19291651,15944330,13591570,11823308,10042919,8144121,6372036,5004903,3861605,2747063,1783221,975676,387307,114284
1,566,17934412,15951023,13889565,11826352,9798993,8084265,6888091,5994668,5081793,4095325,3167213,2454066,1868236,1304990,842130,460477,179708,51571
2,566,17088071,15250399,13326157,11396960,9492658,7860065,6703479,5828640,4961126,4048796,3204823,2550837,1993369,1442073,941091,515199,207599,62713
0,624,311321,287408,255843,219351,188661,167317,146191,123438,96681,74018,55763,42773,34064,27639,17850,9288,4256,1499
1,624,157089,144779,128539,109832,93783,82100,70766,59056,45870,35014,26213,19579,14870,11262,6849,3378,1464,473
2,624,154232,142629,127304,109519,94878,85217,75425,64382,50811,39004,29550,23194,19194,16377,11001,5910,2792,1026
0,686,2671855,2507715,2230953,1883098,1597838,1376016,1174778,1001706,811687,637729,504830,395303,304727,232180,157673,95732,49343,20506
1,686,1355073,1270893,1129160,950314,800788,679706,566728,469932,369250,282238,220827,171319,129793,97813,65297,38994,19893,7802
2,686,1316782,1236822,1101793,932784,797050,696310,608050,531774,442437,355491,284003,223984,174934,134367,92376,56738,29450,12704
0,694,1181771,1090331,1018199,916071,790623,681446,583190,490578,399531,319201,252122,194426,144279,102497,70008,42449,20356,9364
1,694,592717,546583,510343,459776,396887,343058,295722,250011,203459,160763,124463,93350,66702,45212,29821,17535,8020,3435
2,694,589054,543748,507856,456295,393736,338388,287468,240567,196072,158438,127659,101076,77577,57285,40187,24914,12336,5929
0,768,1255942,1150811,1061207,942666,794582,664300,585331,521580,443134,357576,277087,211026,158196,114207,75850,42668,18332,6337
1,768,629727,577065,532557,473293,398839,333079,292943,260288,219776,175752,134757,101106,74533,53019,34689,19247,8091,2662
2,768,626215,573746,528650,469373,395743,331221,292388,261292,223358,181824,142330,109920,83663,61188,41161,23421,10241,3675
0,854,3607403,3209410,2857787,2457486,2046514,1692393,1401946,1175185,965174,755033,592625,459242,341123,239363,155764,90805,40884,14701
1,854,1835747,1633302,1454735,1251912,1040185,855388,704158,585965,475898,365626,280042,209787,148704,98493,61556,34931,15040,5102
2,854,1771656,1576108,1403052,1205574,1006329,837005,697788,589220,489276,389407,312583,249455,192419,140870,94208,55874,25844,9599
0,914,67555417,60269441,52942690,45531363,38319532,31965676,27008656,23018104,19278716,15645870,12389953,9786655,7505941,5364019,3507767,1985604,861646,302011
1,914,34437414,30685299,26923796,23119255,19412428,16153402,13601213,11517600,9596703,7748011,6068176,4740084,3584422,2515160,1620701,900526,379618,126649
2,914,33118003,29584142,26018894,22412108,18907104,15812274,13407443,11500504,9682013,7897859,6321777,5046571,3921519,2848859,1887066,1085078,482028,175362
0,192,535985,619372,611067,617208,677695,699815,800273,760668,601360,808396,989747,1002160,726338,549656,476836,363410,247587,218075
1,192,275397,318114,314063,317535,347855,361683,409845,386549,305027,407125,488796,486310,350104,258437,221130,165871,108405,88798
2,192,260588,301258,297004,299673,329840,338132,390428,374119,296333,401271,500951,515850,376234,291219,255706,197539,139182,129277
0,214,992534,1000106,980859,954387,932476,917688,854564,763207,687269,623317,559462,491917,412346,318559,224094,147344,97979,98266
1,214,506605,510098,500168,486450,474307,461925,423850,381799,343058,306957,272984,238136,199122,152705,105563,67920,43897,41965
2,214,485929,490008,480691,467937,458169,455763,430714,381408,344211,316360,286478,253781,213224,165854,118531,79424,54082,56301
0,312,24049,21079,25938,29376,29124,21921,16197,16401,19334,25204,29600,31315,28471,24243,20453,14907,10100,12090
1,312,12272,10651,13322,14971,14605,11306,7667,6468,7596,10559,12979,14107,13015,10803,9101,6407,4103,4209
2,312,11777,10428,12616,14405,14519,10615,8530,9933,11738,14645,16621,17208,15456,13440,11352,8500,5997,7881
0,332,1257430,1240658,1209319,1153825,1079415,995377,918615,856346,699774,517798,432123,381095,309927,242942,165869,108988,67318,43469
1,332,641099,631028,614269,582732,538121,491151,451146,418750,338904,245910,205008,180497,146577,113538,74318,47327,28285,16622
2,332,616331,609630,595050,571093,541294,504226,467469,437596,360870,271888,227115,200598,163350,129404,91551,61661,39033,26847
0,388,224970,234693,226963,228173,249613,256054,238695,218424,187235,175128,173493,155582,131241,98979,73094,51773,32531,28446
1,388,114778,119915,115319,116078,127128,129893,120936,107894,88715,82662,82534,75477,61800,46848,35881,25031,15535,13921
2,388,110192,114778,111644,112095,122485,126161,117759,110530,98520,92466,90959,80105,69441,52131,37213,26742,16996,14525
0,44,28151,25904,29564,32516,33419,33969,30015,27331,27243,28498,26650,24152,19655,13324,8694,5848,3490,2092
1,44,14385,13370,14926,16185,16642,16999,14965,13165,13005,13585,12610,11368,8968,5945,3845,2472,1420,842
2,44,13766,12534,14638,16331,16777,16970,15050,14166,14238,14913,14040,12784,10687,7379,4849,3376,2070,1250
0,474,19254,16894,20620,23722,24845,19482,16264,16933,17465,22438,28575,31976,29851,25258,20788,15190,11134,13394
1,474,9789,8669,10638,12057,12530,10087,7501,7090,7294,9320,12358,14162,13804,11437,9156,6590,4585,4668
2,474,9465,8225,9982,11665,12315,9395,8763,9843,10171,13118,16217,17814,16047,13821,11632,8600,6549,8726
0,52,15287,15070,16663,18540,18846,18801,18223,18614,18714,19634,19661,19803,19161,16073,12680,9019,6184,7050
1,52,7765,7661,8459,9500,9636,9450,9100,9134,9158,9507,9421,9288,8811,7377,5849,4001,2628,2863
2,52,7522,7409,8204,9040,9210,9351,9123,9480,9556,10127,10240,10515,10350,8696,6831,5018,3556,4187
0,630,77091,123971,196427,204608,161685,145016,152965,166704,187042,197881,205608,201538,194849,169723,153558,124840,82226,84075
1,630,39518,63902,100439,106998,88137,76446,77110,81428,89678,92951,93799,90204,86696,72712,64488,52972,33063,29458
2,630,37573,60069,95988,97610,73548,68570,75855,85276,97364,104930,111809,111334,108153,97011,89070,71868,49163,54617
0,662,10547,11003,10927,12177,14839,16943,15299,14105,13330,12557,12392,11516,9298,6734,5096,3709,2464,2176
1,662,5348,5570,5536,6136,7408,8480,7571,6825,6500,6026,5941,5564,4416,3267,2475,1750,1206,1113
2,662,5199,5433,5391,6041,7431,8463,7728,7280,6830,6531,6451,5952,4882,3467,2621,1959,1258,1063
0,780,84109,93763,97127,92174,85348,90576,108663,125556,111275,92661,82628,87871,81523,63573,47303,31849,18295,12293
1,780,42737,47630,49268,46669,43120,45592,54680,62703,55393,45898,40444,42321,39166,30235,21900,14017,7550,4525
2,780,41372,46133,47859,45505,42228,44984,53983,62853,55882,46763,42184,45550,42357,33338,25403,17832,10745,7768
0,915,3338973,3474495,3499162,3441622,3384477,3294736,3244482,3057536,2640670,2595197,2636030,2515077,2030732,1582544,1248092,903587,595484,534391
1,915,1705150,1773230,1783869,1753524,1718750,1662934,1621342,1516925,1297798,1264728,1273086,1203764,964747,738147,571860,406264,257406,213609
2,915,1633823,1701265,1715293,1688098,1665727,1631802,1623140,1540611,1342872,1330469,1362944,1311313,1065985,844397,676232,497323,338078,320782
0,188,339858,356483,357087,357750,385547,417129,432705,412533,367499,315384,299625,302191,265353,198055,147732,103369,64513,59539
1,188,173938,182393,182651,182848,196632,212085,219133,207991,184258,156278,146912,147732,129055,95221,70025,47819,28633,24198
2,188,165920,174090,174436,174902,188915,205044,213572,204542,183241,159106,152713,154459,136298,102834,77707,55550,35880,35341
0,222,571872,566883,565874,565930,605430,601372,507698,420601,384205,353355,312602,273945,230859,192272,148913,110597,77432,60556
1,222,292642,290065,288664,285032,298090,287189,232532,184663,165459,151224,132777,115524,96718,79152,60998,45729,32339,23897
2,222,279230,276818,277210,280898,307340,314183,275166,235938,218746,202131,179825,158421,134141,113120,87915,64868,45093,36659
0,320,2087358,2012091,1934318,1939274,1862455,1684664,1442823,1238544,1040023,817947,635093,502682,411365,346315,250960,168276,113718,96137
1,320,1066632,1027864,987923,988710,944863,846018,713785,600684,491102,374478,284169,222269,181658,154201,111517,74489,50392,40563
2,320,1020726,984227,946395,950564,917592,838646,729038,637860,548921,443469,350924,280413,229707,192114,139443,93787,63326,55574
0,340,1033180,988568,1005175,1033663,1030737,938773,818310,721198,619523,505999,409371,324861,254232,198237,138302,89000,57844,54283
1,340,528785,505219,512772,527141,524506,475796,412402,360396,306030,246081,195985,153539,118840,91610,63072,39750,25018,21453
2,340,504395,483349,492403,506522,506231,462977,405908,360802,313493,259918,213386,171322,135392,106627,75230,49250,32826,32830
0,484,10790031,11161093,11157754,11172526,11002581,10875894,10176019,9290524,8686484,8201857,7305063,6159233,4991505,3865370,2717615,1817640,1143193,1048393
1,484,5521186,5705959,5704225,5688826,5550035,5441362,4983217,4450683,4107607,3861214,3412709,2875092,2318893,1772358,1234302,814837,497488,422894
2,484,5268845,5455134,5453529,5483700,5452546,5434532,5192802,4839841,4578877,4340643,3892354,3284141,2672612,2093012,1483313,1002803,645705,625499
0,558,645017,658223,642964,608850,582181,577970,558725,522737,452847,368180,294198,242904,208423,165956,100734,65362,46430,37395
1,558,329415,337509,331311,314717,300149,294027,279378,256101,215982,170402,133089,108858,93416,72921,43298,27714,19141,13464
2,558,315602,320714,311653,294133,282032,283943,279347,266636,236865,197778,161109,134046,115007,93035,57436,37648,27289,23931
0,591,390331,388541,377230,363068,354850,338751,323298,309018,294218,276999,247292,210753,172203,133505,99218,71210,47719,48753
1,591,199631,198475,192587,184864,179587,170532,162242,155143,147382,138196,122819,103812,83811,63930,46670,32813,21350,20756
2,591,190700,190066,184643,178204,175263,168219,161056,153875,146836,138803,124473,106941,88392,69575,52548,38397,26369,27997
0,84,39803,39094,38143,39450,40210,38076,34025,29468,24617,21623,18714,15360,11688,8199,5585,3597,2322,2227
1,84,20204,19767,19400,19935,20066,18896,16676,14168,11771,10389,9089,7610,5786,4082,2855,1835,1149,1076
2,84,19599,19327,18743,19515,20144,19180,17349,15300,12846,11234,9625,7750,5902,4117,2730,1762,1173,1151
0,916,15897450,16170976,16078545,16080511,15863991,15472629,14293603,12944623,11869416,10861344,9521958,8031929,6545628,5107909,3609059,2429051,1553171,1407283
1,916,8132433,8267251,8219533,8192073,8013928,7745905,7019365,6229829,5629591,5108262,4437549,3734436,3028177,2333475,1632737,1084986,675510,568301
2,916,7765017,7903725,7859012,7888438,7850063,7726724,7274238,6714794,6239825,5753082,5084409,4297493,3517451,2774434,1976322,1344065,877661,838982
0,152,1120107,1242080,1263898,1231394,1315593,1512136,1562534,1438365,1338292,1271195,1221989,1165764,1034057,863292,644839,442703,292508,289446
1,152,570712,632335,643098,626131,667887,767056,792556,727189,671568,631790,600768,566020,494158,403308,293647,192202,117107,98172
2,152,549395,609745,620800,605263,647706,745080,769978,711176,666724,639405,621221,599744,539899,459984,351192,250501,175401,191274
0,170,3671694,3686505,3763386,4078286,4319193,4395684,4159766,3825549,3532721,3137373,2921041,2744794,2262451,1788940,1323112,868568,548303,485400
1,170,1879248,1885715,1923146,2080772,2194687,2220531,2087125,1895308,1715139,1481489,1368641,1291167,1044129,813468,598712,381750,231781,193866
2,170,1792446,1800790,1840240,1997514,2124506,2175153,2072641,1930241,1817582,1655884,1552400,1453627,1218322,975472,724400,486818,316522,291534
0,218,1672791,1636360,1571695,1549926,1563508,1502921,1397743,1276378,1141578,1025466,907797,771275,637597,521830,370799,253063,166830,145808
1,218,855672,836224,802757,790094,794486,759467,701736,637857,566812,505385,445157,376422,308920,250042,175140,116706,74609,58783
2,218,817119,800136,768938,759832,769022,743454,696007,638521,574766,520081,462640,394853,328677,271788,195659,136357,92221,87025
0,254,37346,32182,29317,29186,27364,22901,19250,19672,20122,18421,15998,12876,10448,8248,5228,3125,1579,906
1,254,19046,16577,14946,14561,13653,11235,9002,9152,9780,9116,7859,6389,5096,4064,2654,1463,682,254
2,254,18300,15605,14371,14625,13711,11666,10248,10520,10342,9305,8139,6487,5352,4184,2574,1662,897,652
0,328,72224,74315,70446,70684,74966,71965,50278,44971,46296,44214,43143,38062,31794,23474,16261,9333,6301,5312
1,328,37004,38303,36151,35762,38850,37395,25505,22452,23092,21893,21586,18765,15593,10838,7474,4327,2780,2234
2,328,35220,36012,34295,34922,36116,34570,24773,22519,23204,22321,21557,19297,16201,12636,8787,5006,3521,3078
0,32,3718154,3736212,3641350,3558581,3486860,3513503,3411075,3172022,3119874,2820324,2388347,2156729,1934934,1681155,1390626,1020754,661384,598350
1,32,1894122,1902603,1853621,1809280,1768229,1774374,1709382,1577911,1538318,1372390,1146465,1019442,898639,760808,602614,411991,240696,176528
2,32,1824032,1833609,1787729,1749301,1718631,1739129,1701693,1594111,1581556,1447934,1241882,1137287,1036295,920347,788012,608763,420688,421822
0,600,706263,686473,677792,659322,666774,654461,609875,544313,444347,343037,294495,266362,228858,190947,141044,92620,57133,41726
1,600,361304,350938,346276,336865,340686,334017,310936,277765,227391,175315,149014,133953,114940,95292,69106,43735,25623,16938
2,600,344959,335535,331516,322457,326088,320444,298939,266548,216956,167722,145481,132409,113918,95655,71938,48885,31510,24788
0,604,2928302,2642600,2676406,2514847,2494049,2708083,2722743,2589348,2380501,2126865,1872647,1607152,1323263,1086034,807118,551871,364637,287752
1,604,1501282,1336880,1324179,1230555,1165566,1295448,1372493,1332452,1223825,1090104,946514,799742,654165,528868,386903,256453,166825,117105
2,604,1427020,1305720,1352227,1284292,1328483,1412635,1350250,1256896,1156676,1036761,926133,807410,669098,557166,420215,295418,197812,170647
0,68,1187310,1178479,1164628,1143498,1089467,1004632,905832,802177,700869,601725,508004,424877,352676,290988,235402,177423,116329,108331
1,68,606830,602011,594674,583004,553455,508237,456059,401929,349595,298644,250870,208638,171796,139946,111526,82092,51635,43782
2,68,580480,576468,569954,560494,536012,496395,449773,400248,351274,303081,257134,216239,180880,151042,123876,95331,64694,64549
0,740,51644,52640,51923,50713,49017,47447,44218,40850,36100,36412,34202,32131,25091,16394,11833,7844,4786,3593
1,740,26706,27270,26892,26293,25424,24271,22637,20524,17920,17979,17039,15818,12169,7567,5099,3129,1747,1258
2,740,24938,25370,25031,24420,23593,23176,21581,20326,18180,18433,17163,16313,12922,8827,6734,4715,3039,2335
0,76,14235073,14568174,14702161,15645026,16867469,17018780,16962186,17346454,16375781,14350050,13020849,11988097,10108897,7946655,5823683,3824078,2439335,2130840
1,76,7281320,7450090,7505710,7961670,8543673,8573699,8489368,8612944,8065651,7000468,6273660,5696121,4723347,3630219,2582175,1626554,975414,739233
2,76,6953753,7118084,7196451,7683356,8323796,8445081,8472818,8733510,8310130,7349582,6747189,6291976,5385550,4316436,3241508,2197524,1463921,1391607
0,858,233558,237256,232882,239307,249901,256903,247330,224674,228441,227579,202314,192068,183076,155566,126646,99091,71342,88081
1,858,119513,121092,119026,122241,127103,130333,124878,112413,113258,112470,98362,91502,85357,70898,55000,39950,25287,21798
2,858,114045,116164,113856,117066,122798,126570,122452,112261,115183,115109,103952,100566,97719,84668,71646,59141,46055,66283
0,862,2255438,2630772,2717291,2602287,2308458,2113200,2127222,2052975,1929124,1760707,1622708,1466452,1237075,936397,645481,416587,242744,202071
1,862,1147375,1340625,1387864,1326385,1163576,1049335,1043685,998808,934291,851957,783178,701361,584233,436118,293137,181526,98339,69864
2,862,1108063,1290147,1329427,1275902,1144882,1063865,1083537,1054167,994833,908750,839530,765091,652842,500279,352344,235061,144405,132207
0,931,31890081,32404228,32563366,33373246,34512812,34822821,34220257,33377949,31294255,27763600,25053802,22866907,19370433,15510061,11542305,7767284,4973329,4387700
1,931,16300224,16540755,16578437,16943709,17397373,17485503,17145467,16626805,15456745,13569116,12109247,10925472,9112648,7151505,5183296,3341983,2012578,1539843
2,931,15589857,15863473,15984929,16429537,17115439,17337318,17074790,16751144,15837510,14194484,12944555,11941435,10257785,8358556,6359009,4425301,2960751,2847857
0,124,2009641,1989227,2017811,2034795,2277698,2703432,2731968,2682001,2562977,2408781,2366450,2635636,2663627,2272351,1888603,1376270,869979,897169
1,124,1029887,1017820,1030653,1038178,1162729,1377460,1376568,1338525,1274473,1199225,1184829,1319037,1327165,1112043,910720,645062,382902,333629
2,124,979754,971407,987158,996617,1114969,1325972,1355400,1343476,1288504,1209556,1181621,1316599,1336462,1160308,977883,731208,487077,563540
0,840,19961028,19780720,20862624,21477384,22048558,23609813,23703406,22279856,20733753,19966908,20116605,20987338,20869692,18551007,15197610,10776724,6828412,7053830
1,840,10199563,10109076,10658446,10951501,11206021,12007251,12048079,11231289,10354316,9909321,10039900,10450615,10189468,8835904,7049596,4814898,2946486,2656279
2,840,9761465,9671644,10204178,10525883,10842537,11602562,11655327,11048567,10379437,10057587,10076705,10536723,10680224,9715103,8148014,5961826,3881926,4397551
0,905,21977090,21776578,22887769,23519906,24333996,26321342,26443525,24969522,23303677,22382547,22491705,23633423,23543102,20830880,17091873,12157136,7700912,7953375
1,905,11232750,11130312,11692887,11993630,12372663,13388832,13428711,12573574,11632259,11112059,11229182,11774995,11521635,9951744,7963079,5461831,3330378,2990506
2,905,10744340,10646266,11194882,11526276,11961333,12932510,13014814,12395948,11671418,11270488,11262523,11858428,12021467,10879136,9128794,6695305,4370534,4962869
0,160,61357618,89439256,89656877,77217723,72226979,83526353,115097913,106845689,96240220,102989746,124558145,115239326,69109028,77900608,56593463,34572967,21672053,17506042
1,160,32119805,47320238,47906771,41446383,38468244,43963680,59597721,54894672,49368805,52527554,62939059,57826022,34403876,38269903,27257737,16210361,9685236,6800945
2,160,29237813,42119018,41750106,35771340,33758735,39562673,55500192,51951017,46871415,50462192,61619086,57413304,34705152,39630705,29335726,18362606,11986817,10705097
0,392,4526127,5220485,5542362,5646500,5900225,6076327,6512759,7338440,8051136,9590457,9300431,8077787,7452843,7808291,8865698,7681134,5517160,6476677
1,392,2323874,2680093,2844946,2897436,3025589,3113232,3333322,3752538,4098449,4875256,4698258,4053925,3713428,3824395,4202595,3463817,2295466,2099015
2,392,2202253,2540392,2697416,2749064,2874636,2963095,3179437,3585902,3952687,4715201,4602173,4023862,3739415,3983896,4663103,4217317,3221694,4377662
0,408,1750812,1707244,1661029,1797018,1918112,1976782,1899284,1829302,1573959,1899432,2231320,1678523,1453764,907024,617805,581186,336151,171928
1,408,896370,873624,848990,916821,980528,1008027,964216,926293,794618,952359,1108447,821015,682451,402152,232293,191760,86211,27110
2,408,854442,833620,812039,880197,937584,968755,935068,903009,779341,947073,1122873,857508,771313,504872,385512,389426,249940,144818
0,410,1743565,2168162,2282572,2339982,2931945,3478067,3332127,3583722,3874805,4147958,4324179,4214501,3969538,3075444,2153119,1631871,1159872,918476
1,410,896132,1112764,1174975,1215182,1529048,1847569,1773441,1873353,1997934,2116854,2177807,2106075,1957321,1481634,1005415,708868,444602,266867
2,410,847433,1055398,1107597,1124800,1402897,1630498,1558686,1710369,1876871,2031104,2146372,2108426,2012217,1593810,1147704,923003,715270,651609
0,496,360009,378498,316635,236485,217206,251570,302084,278953,230899,206955,176842,151885,112927,69533,40019,24432,14402,8744
1,496,182412,191602,160082,119364,109263,126421,150544,139759,114601,100787,84312,69487,49298,29589,16700,9644,5359,2689
2,496,177597,186896,156553,117121,107943,125149,151540,139194,116298,106168,92530,82398,63629,39944,23319,14788,9043,6055
0,906,69738131,98913645,99459475,87237708,83194467,95309099,127144167,119876106,109971019,118834548,140590917,129362022,82098100,89760900,68270104,44491590,28699638,25081867
1,906,36418593,52178321,52935764,46595186,44112672,50058929,65819244,61586615,56374407,60572810,71007883,64876524,40806374,44007673,32714740,20584450,12516874,9196626
2,906,33319538,46735324,46523711,40642522,39081795,45250170,61324923,58289491,53596612,58261738,69583034,64485498,41291726,45753227,35555364,23907140,16182764,15885241
0,104,4536486,4443764,4679699,5001805,4879599,4502532,4192172,3977842,3803314,3544510,3168536,2657760,2140175,1659312,1032273,553532,294701,159140
1,104,2290999,2238248,2350091,2506551,2431577,2224727,2046914,1938060,1833497,1674112,1466188,1197720,933099,688534,417563,218903,108130,51605
2,104,2245487,2205516,2329608,2495254,2448022,2277805,2145258,2039782,1969817,1870398,1702348,1460040,1207076,970778,614710,334629,186571,107535
0,116,1761710,1768810,1690611,1501246,1465618,1597994,1307232,1562930,1008496,663719,771967,680626,511903,373985,253185,140110,70815,37678
1,116,900712,900182,864535,757100,735333,813046,646668,752274,479433,311053,361577,313587,212278,143160,100002,54413,26293,13695
2,116,860998,868628,826076,744146,730285,784948,660564,810656,529063,352666,410390,367039,299625,230825,153183,85697,44522,23983
0,360,23048670,24383511,23435668,23096586,23026921,21570301,20016812,20744810,20345931,18647237,16702095,14026642,11186245,7989366,5077821,3122699,1755424,957766
1,360,11795442,12445198,12013851,11896158,11844285,11030241,10048309,10336744,10197680,9392735,8388865,6947830,5485450,3946558,2374445,1334343,697406,332850
2,360,11253228,11938313,11421817,11200428,11182636,10540060,9968503,10408066,10148251,9254502,8313230,7078812,5700795,4042808,2703376,1788356,1058018,624916
0,418,799094,774750,761728,719895,686049,675902,622070,529421,442085,375962,309738,250847,197593,144442,93344,54219,28791,15096
1,418,407511,394588,387473,365174,346375,339504,313312,265307,220130,187968,153839,124196,98049,70146,41606,22358,11785,5759
2,418,391583,380162,374255,354721,339674,336398,308758,264114,221955,187994,155899,126651,99544,74296,51738,31861,17006,9337
0,458,2656155,2565058,2448307,2580673,2820393,2910235,2941002,2859547,2326802,1937491,1746215,1529776,1298994,1005366,719025,428544,236867,170629
1,458,1366820,1321208,1259682,1330164,1454225,1496358,1512286,1495014,1230959,1006447,877464,779460,661022,496984,345685,202904,113452,86197
2,458,1289335,1243850,1188625,1250509,1366168,1413877,1428716,1364533,1095843,931044,868751,750316,637972,508382,373340,225640,123415,84432
0,608,10371655,11253331,11162688,10589245,10217581,9763536,8722022,7569381,6780514,6004417,5295947,4497770,3613177,2714876,1843322,1095281,611692,402556
1,608,5319854,5778369,5709307,5452719,5270474,4972823,4408185,3805317,3403289,3005516,2624732,2194577,1716960,1240109,789688,428383,212735,116755
2,608,5051801,5474962,5453381,5136526,4947107,4790713,4313837,3764064,3377225,2998901,2671215,2303193,1896217,1474767,1053634,666898,398957,285801
0,626,186513,159469,151486,153852,137131,119037,98458,76354,52073,49610,50661,42402,33037,21833,16860,12026,5914,2715
1,626,94946,81232,77031,77975,69499,60316,49699,38621,26152,24999,25754,21467,16510,10701,7985,5451,2497,1042
2,626,91567,78237,74455,75877,67632,58721,48759,37733,25921,24611,24907,20935,16527,11132,8875,6575,3417,1673
0,702,272484,229135,234230,253561,355840,438213,439255,453827,470245,488044,473678,472070,459066,392967,246566,118256,73703,72411
1,702,141585,118606,120281,129443,193109,241848,236391,235725,242436,256087,251302,254010,247239,210029,123148,52405,31062,26079
2,702,130899,110529,113949,124118,162731,196365,202864,218102,227809,231957,222376,218060,211827,182938,123418,65851,42641,46332
0,704,7793298,7719130,7303550,6655186,6434955,7889593,8608482,8018946,7264600,6691418,6065801,5401171,4616618,3430995,2004400,1160026,842973,1052393
1,704,4103162,4075985,3853092,3465682,3305936,4021103,4368770,4051107,3643884,3335362,3001455,2617351,2155831,1533416,829492,433661,294742,321131
2,704,3690136,3643145,3450458,3189504,3129019,3868490,4239712,3967839,3620716,3356056,3064346,2783820,2460787,1897579,1174908,726365,548231,731262
0,764,3493707,3742762,4007120,4252153,4656472,4880931,4568077,4563043,5069765,5478990,5598690,5249879,4598943,3602958,2516225,1696141,1123635,978707
1,764,1798806,1924033,2061439,2181963,2377171,2465338,2284262,2266751,2476728,2623972,2650573,2475278,2145804,1651388,1119329,728559,460940,364704
2,764,1694901,1818729,1945681,2070190,2279301,2415593,2283815,2296292,2593037,2855018,2948117,2774601,2453139,1951570,1396896,967582,662695,614003
0,920,54949240,57074385,55907571,54836691,54715558,54382762,51552238,50394862,47600665,43914979,40212982,34833102,28674529,21349312,13810613,8384683,5046718,3850642
1,920,28234919,29295522,28713549,28179605,28046241,27683364,25934157,25205723,23773750,21835607,19816755,16937876,13681942,9997653,6152586,3483255,1960102,1320559
2,920,26714321,27778863,27194022,26657086,26669317,26699398,25618081,25189139,23826915,22079372,20396227,17895226,14992587,11351659,7658027,4901428,3086616,2530083
0,96,29468,34665,32484,32489,34999,34488,36656,38761,36840,33581,29654,24159,18778,13212,7592,3849,2203,1551
1,96,15082,17873,16767,16676,18257,18060,19361,20803,19562,17356,15006,12400,9700,6628,3643,1875,1060,742
2,96,14386,16792,15717,15813,16742,16428,17295,17958,17278,16225,14648,11759,9078,6584,3949,1974,1143,809
0,144,1624296,1663471,1704397,1678538,1518525,1392667,1331050,1399400,1519111,1419486,1317303,1258990,1148075,945649,755862,496146,239008,163870
1,144,825938,844312,858315,836981,753214,674703,617640,642243,717734,685871,639353,602407,531229,424603,324992,197903,88399,60932
2,144,798358,819159,846082,841557,765311,717964,713410,757157,801377,733615,677950,656583,616846,521046,430870,298243,150609,102938
0,356,117852398,115899235,122981821,126508236,123694880,118956263,113944420,106925436,94803830,82635697,71768014,61500253,51070809,40432597,27053174,15934514,9038918,5631286
1,356,61738049,60763709,64555316,66768299,65505601,62923533,59919373,55865595,49112693,42410326,36632100,31241401,25773574,20256159,13205108,7477239,4112785,2485755
2,356,56114349,55135526,58426505,59739937,58189279,56032730,54025047,51059841,45691137,40225371,35135914,30258852,25297235,20176438,13848066,8457275,4926133,3145531
0,364,7593314,7227910,6494823,5738493,5382833,6141992,7891687,8580492,7230946,5559089,4801211,4003027,3292498,2547396,1632676,960969,556611,386876
1,364,3881823,3718144,3334040,2939126,2730524,3068766,3923568,4265383,3623207,2805475,2416250,1993327,1633875,1268089,800138,479823,298393,217292
2,364,3711491,3509766,3160783,2799367,2652309,3073226,3968119,4315109,3607739,2753614,2384961,2009700,1658623,1279307,832538,481146,258218,169584
0,398,1821959,1987156,1778565,1282020,1041478,1311713,1638268,1471857,1215605,1128166,994673,1022601,895070,673711,403388,219561,195463,123784
1,398,940388,1022136,914542,657565,534211,664342,808497,727666,599863,547122,470244,467033,393813,269809,149261,71644,56460,32330
2,398,881571,965020,864023,624455,507267,647371,829771,744191,615742,581044,524429,555568,501257,403902,254127,147917,139003,91454
0,417,722078,795504,672078,523282,495192,545144,583573,495752,383731,333941,301233,287223,243047,164882,92990,38854,25046,24720
1,417,370560,407946,343446,266661,252180,277759,292151,247203,190970,162297,143446,133491,109213,70355,35534,12826,6580,5511
2,417,351518,387558,328632,256621,243012,267385,291422,248549,192761,171644,157787,153732,133834,94527,57456,26028,18466,19209
0,462,34332,37745,36083,27845,37249,70580,83679,64811,42751,31033,23010,16932,13128,8291,4674,3836,2960,2046
1,462,17868,19817,18866,14008,23641,52382,61566,43831,27320,19410,13076,8534,6414,4143,2422,1968,1505,1077
2,462,16464,17928,17217,13837,13608,18198,22113,20980,15431,11623,9934,8398,6714,4148,2252,1868,1455,969
0,4,5758824,5481728,5282987,4834234,4174223,3394844,2678327,2192878,1795549,1415929,1108897,866412,656869,473336,328293,189913,83925,37217
1,4,2949516,2810043,2700799,2479531,2143860,1748484,1397506,1142341,935238,737271,569185,440421,328252,230616,150275,84339,37490,15375
2,4,2809308,2671685,2582188,2354703,2030363,1646360,1280821,1050537,860311,678658,539712,425991,328617,242720,178018,105574,46435,21842
0,50,14159098,14486862,14821946,15316095,15342508,14732499,13973037,13106590,11782277,9964282,8606188,7254017,5182223,3151100,2288356,1807307,1109898,801397
1,50,7234372,7397330,7574296,7832494,7802189,7396423,6908734,6440250,5813658,4955988,4369541,3743696,2705421,1670486,1182380,888361,525290,348073
2,50,6924726,7089532,7247650,7483601,7540319,7336076,7064303,6666340,5968619,5008294,4236647,3510321,2476802,1480614,1105976,918946,584608,453324
0,524,2716798,2720838,2847385,3064799,3238743,2945998,2356897,1904860,1695322,1547249,1355557,1131315,888843,697299,506250,344578,181837,81013
1,524,1395835,1373827,1428528,1535162,1572694,1330625,968386,722259,651435,657259,623384,531929,415594,327914,230000,151270,81887,34515
2,524,1320963,1347011,1418857,1529637,1666049,1615373,1388511,1182601,1043887,889990,732173,599386,473249,369385,276250,193308,99950,46498
0,586,28412658,26380484,24134280,22400455,21136424,19765015,17735073,15017542,12412383,10245134,8614516,7270204,5727315,3979037,2755696,1911362,1050423,540995
1,586,14736841,13688060,12504516,11648894,10968701,10156707,9065228,7663767,6325880,5214755,4371315,3674636,2889027,1998160,1386755,966572,536526,290198
2,586,13675817,12692424,11629764,10751561,10167723,9608308,8669845,7353775,6086503,5030379,4243201,3595568,2838288,1980877,1368941,944790,513897,250797
0,64,64391,61782,64122,68014,72317,77829,77971,67998,54633,42589,35073,27905,22247,16974,12890,9924,6270,5015
1,64,32735,31405,32564,34876,38492,42963,42751,36933,30182,23440,18905,14853,11681,9079,7183,5558,3449,2569
2,64,31656,30377,31558,33138,33825,34866,35220,31065,24451,19149,16168,13052,10566,7895,5707,4366,2821,2446
0,762,1350240,1296050,1072476,848777,809586,817569,805392,677285,511401,424975,381046,341661,273289,170690,89642,43779,26131,17479
1,762,694640,665269,550853,435362,413188,414913,402286,337078,254593,208151,184275,163893,130315,79834,40689,20282,11650,7157
2,762,655600,630781,521623,413415,396398,402656,403106,340207,256808,216824,196771,177768,142974,90856,48953,23497,14481,10322
0,795,621733,695846,582018,492332,458461,514367,546515,467550,395654,338366,291263,258965,215237,151681,83877,38510,27419,22153
1,795,315564,352844,294793,248998,231644,259242,273481,231131,194166,164345,141165,119160,94051,63966,34454,15939,10372,7313
2,795,306169,343002,287225,243334,226817,255125,273034,236419,201488,174021,150098,139805,121186,87715,49423,22571,17047,14840
0,860,3361380,3374893,3086469,2634783,2621211,3039845,3135558,2744223,2250667,1912613,1629855,1503748,1274192,883227,447279,216716,155532,109886
1,860,1732504,1733013,1583186,1348585,1336763,1552774,1586010,1366688,1111225,935313,782574,704840,589855,404558,196590,90834,63111,38355
2,860,1628876,1641880,1503283,1286198,1284448,1487071,1549548,1377535,1139442,977300,847281,798908,684337,478669,250689,125882,92421,71531
0,921,186093499,182109504,185559450,185417903,180023630,173706325,166781447,155116674,136093860,116998549,101227839,86743253,70902842,54295870,36455047,22215969,12699441,7947737
1,921,96866633,94827855,96694060,97046542,94306902,90563616,86267177,79732368,69588164,59527023,51374813,43839621,35612314,27077771,17745781,10464558,5833897,3546452
2,921,89226866,87281649,88865390,88371361,85716728,83142709,80514270,75384306,66505696,57471526,49853026,42903632,35290528,27218099,18709266,11751411,6865544,4401285
0,268,251965,284625,268640,225239,218499,249674,281317,280164,265302,255137,240790,261709,256778,217773,163067,100859,82393,64797
1,268,129739,147059,140553,119139,115961,128306,140265,138030,129001,122859,113401,118915,112888,90558,63155,35954,25968,18501
2,268,122226,137566,128087,106100,102538,121368,141052,142134,136301,132278,127389,142794,143890,127215,99912,64905,56425,46296
0,275,695316,687206,626454,540428,501753,485647,409852,319386,263465,217009,177890,143450,100863,68379,50508,32596,16845,8498
1,275,355824,351385,320131,275151,254641,246971,208604,162387,133895,109780,89269,71173,49268,32083,24254,15397,7161,3289
2,275,339492,335821,306323,265277,247112,238676,201248,156999,129570,107229,88621,72277,51595,36296,26254,17199,9684,5209
0,31,757569,881014,766275,643756,669873,825459,941623,885052,719393,620576,611639,646277,556406,363994,189162,91680,73871,56577
1,31,398087,469608,410571,345323,355799,423951,468372,439794,357565,300814,289632,303613,258299,164313,81245,36930,27278,18943
2,31,359482,411406,355704,298433,314074,401508,473251,445258,361828,319762,322007,342664,298107,199681,107917,54750,46593,37634
0,368,5404836,5368478,4829323,4292701,3953630,3551077,3107064,2643433,2268033,1919809,1556442,1088234,711964,618017,409377,230132,140004,72409
1,368,2781027,2759268,2479993,2201610,2020959,1812503,1584505,1347166,1151741,962946,760556,511260,323906,277592,185272,102598,58254,26659
2,368,2623809,2609210,2349330,2091091,1932671,1738574,1522559,1296267,1116292,956863,795886,576974,388058,340425,224105,127534,81750,45750
0,376,844054,843994,775096,694482,645074,594132,568045,562473,552714,520278,446356,388483,353433,348987,313868,202743,124170,144511
1,376,432479,433172,398069,356477,330877,304430,288545,282218,275216,258022,220190,189534,168831,163277,145667,92503,52936,54927
2,376,411575,410822,377027,338005,314197,289702,279500,280255,277498,262256,226166,198949,184602,185710,168201,110240,71234,89584
0,400,1011661,1096283,1129926,1056770,950417,867873,788727,724859,634008,550169,464122,355232,245163,160954,113065,80068,46573,24992
1,400,519234,560818,573907,534252,479901,437965,398568,368332,324510,284182,240644,180393,120032,77445,52912,35913,20738,10432
2,400,492427,535465,556019,522518,470516,429908,390159,356527,309498,265987,223478,174839,125131,83509,60153,44155,25835,14560
0,414,272923,311100,320824,273025,253482,254503,305558,442504,508413,467447,382144,255557,167329,96009,39798,18016,8546,3152
1,414,139869,163912,178150,155843,145182,159205,193962,277581,331189,302625,246586,170211,112678,65064,24680,9862,4969,1696
2,414,133054,147188,142674,117182,108300,95298,111596,164923,177224,164822,135558,85346,54651,30945,15118,8154,3577,1456
0,422,523356,548968,531880,531783,555927,564618,523514,480832,452662,411398,387271,351033,271516,207803,147572,86103,58394,50217
1,422,266164,285908,282230,274362,278302,275524,243778,221689,220067,206051,204388,203513,154707,100244,67592,41406,25545,18486
2,422,257192,263060,249650,257421,277625,289094,279736,259143,232595,205347,182883,147520,116809,107559,79980,44697,32849,31731
0,48,106520,113966,99182,101258,117692,185950,268512,242684,167716,119136,89028,65524,50243,29597,12986,7305,4301,2385
1,48,52627,61008,50254,56001,74024,124794,196009,183642,119439,80185,58371,38929,29828,17956,7373,3835,1994,1039
2,48,53893,52958,48928,45257,43668,61156,72503,59042,48277,38951,30657,26595,20415,11641,5613,3470,2307,1346
0,512,462730,409130,346694,272182,317526,643188,861810,659640,425758,314947,212164,146643,104110,63855,33784,23586,15763,10490
1,512,239816,206153,182180,139891,190323,482239,667384,483887,294137,224066,148193,101031,69786,36192,15035,10356,8128,4430
2,512,222914,202977,164514,132291,127203,160949,194426,175753,131621,90881,63971,45612,34324,27663,18749,13230,7635,6060
0,51,195084,213387,206591,178133,165286,206470,258713,252748,207091,169005,155778,182072,200427,152825,94931,47874,44642,40912
1,51,102214,113023,109955,94957,88299,101643,122259,116808,93946,76355,67791,77050,84592,63358,37744,18149,15573,14019
2,51,92870,100364,96636,83176,76987,104827,136454,135940,113145,92650,87987,105022,115835,89467,57187,29725,29069,26893
0,634,135269,139597,129580,130191,237045,433126,494035,385738,267205,209088,171518,118612,67239,34595,16661,5998,2234,2184
1,634,69175,72081,66788,74725,182691,363100,403483,294935,202435,166491,137872,95011,53776,27316,12347,3689,952,1034
2,634,66094,67516,62792,55466,54354,70026,90552,90803,64770,42597,33646,23601,13463,7279,4314,2309,1282,1150
0,682,2904273,3022350,2797863,2379051,2315890,2889394,3393245,3473141,3538156,3106735,2190193,1498554,972170,616410,354908,201203,119237,72140
1,682,1476581,1536906,1421079,1220239,1240525,1611039,1966826,2114471,2230727,2004867,1464206,1021194,646906,369004,187040,100499,57871,32784
2,682,1427692,1485444,1376784,1158812,1075365,1278355,1426419,1358670,1307429,1101868,725987,477360,325264,247406,167868,100704,61366,39356
0,760,2175493,1928172,1804491,1641501,1613394,1636443,1680359,1624576,1337039,1003468,781551,657861,524710,398098,253161,152143,91806,60541
1,760,1110890,984408,918607,835953,820408,830551,848383,807120,653584,487905,379417,317030,251100,186451,117796,67718,38360,24234
2,760,1064603,943764,885884,805548,792986,805892,831976,817456,683455,515563,402134,340831,273610,211647,135365,84425,53446,36307
0,784,492391,523370,488607,463903,766561,1363481,1682268,1371769,916867,698515,519856,379643,245496,93948,35757,24152,9553,5645
1,784,251129,267634,247319,251312,529078,1021945,1235520,962151,653345,532883,392568,281988,187922,68182,22079,17296,6723,3167
2,784,241262,255736,241288,212591,237483,341536,446748,409618,263522,165632,127288,97655,57574,25766,13678,6856,2830,2478
0,792,6409838,6746354,6735561,6730902,6776708,6500966,6336134,6377647,6149163,5636313,4967914,4325183,3659066,2955100,2169475,1468852,926766,690034
1,792,3277514,3449549,3442592,3440712,3456052,3298511,3193891,3192022,3053693,2765070,2417428,2082178,1700924,1309729,937882,615790,371265,226421
2,792,3132324,3296805,3292969,3290190,3320656,3202455,3142243,3185625,3095470,2871243,2550486,2243005,1958142,1645371,1231593,853062,555501,463613
0,887,4137446,4012825,3691355,3314200,2991800,2856814,2530219,1998079,1517142,1115856,832086,675883,542956,395075,271615,159600,74818,37097
1,887,2111146,2046501,1880827,1684418,1515412,1443781,1275827,1001800,767184,571434,403890,308975,253842,186094,123678,70547,31327,14212
2,887,2026300,1966324,1810528,1629782,1476388,1413033,1254392,996279,749958,544422,428196,366908,289114,208981,147937,89053,43491,22885
0,922,26843288,27198421,25617416,23543578,23137705,24204541,24527571,22818795,20280268,17417825,14264140,11613624,9097603,6879634,4717613,2968501,1863777,1365667
1,922,13745737,13943165,13138742,12098962,12124699,13117033,13486533,12441218,11035499,9497139,7672078,6108586,4612464,3262981,2128542,1294634,765328,481174
2,922,13097551,13255256,12478674,11444616,11013006,11087508,11041038,10377577,9244769,7920686,6592062,5505038,4485139,3616653,2589071,1673867,1098449,884493
0,100,310384,321522,364020,338660,291319,344697,452213,475184,508647,533403,487793,457327,453273,440626,419135,311141,189040,146207
1,100,159499,165254,187002,174673,150931,178454,232992,246605,262736,273338,246752,225532,214457,195689,172826,119766,67152,49047
2,100,150885,156268,177018,163987,140388,166243,219221,228579,245911,260065,241041,231795,238816,244937,246309,191375,121888,97160
0,112,510846,602767,532440,458117,411680,550425,777331,765977,667093,638083,582229,684237,691786,605553,356970,218482,207849,170939
1,112,257885,309404,273890,235087,211625,281630,397926,388341,330524,306189,271207,310944,299934,237259,131212,66352,51819,33781
2,112,252961,293363,258550,223030,200055,268795,379405,377636,336569,331894,311022,373293,391852,368294,225758,152130,156030,137158
0,203,561681,550823,576793,529812,464360,572502,699721,733872,873349,916069,752176,653974,630030,649173,626242,465360,262154,218691
1,203,288581,283004,296027,271426,237513,291923,357908,377652,448503,468798,383266,328635,308391,304367,278604,194401,100438,70290
2,203,273100,267819,280766,258386,226847,280579,341813,356220,424846,447271,368910,325339,321639,344806,347638,270959,161716,148401
0,348,468639,444997,470508,487550,495947,596495,627195,612669,753819,805018,691679,560382,575939,654247,527667,372879,253108,207514
1,348,240968,228280,240936,250208,254477,304878,320809,310347,378557,403843,341439,268296,262081,282424,214131,137389,81747,55323
2,348,227671,216717,229572,237342,241470,291617,306386,302322,375262,401175,350240,292086,313858,371823,313536,235490,171361,152191
0,498,193035,216870,221359,204265,217579,288943,394767,387229,318550,273466,232722,260820,262579,235936,140197,72422,53160,39279
1,498,98737,111864,113826,105402,111594,147038,200187,196457,159143,132795,109725,118077,114249,95772,54226,24846,15595,9847
2,498,94298,105006,107533,98863,105985,141905,194580,190772,159407,140671,122997,142743,148330,140164,85971,47576,37565,29432
0,616,1873491,1873650,1973896,1808559,1812590,2258396,2676028,3072566,3079267,2716494,2311845,2191348,2538201,2536069,2031520,1229493,816178,940188
1,616,961984,960137,1011477,922343,916638,1149362,1384637,1595678,1573825,1363246,1146936,1067220,1196231,1141728,858162,480629,279849,273130
2,616,911507,913513,962419,886216,895952,1109034,1291391,1476888,1505442,1353248,1164909,1124128,1341970,1394341,1173358,748864,536329,667058
0,642,941443,931715,1045716,1026895,986895,1009777,1297473,1245145,1374186,1509437,1539983,1172264,1127877,1254911,1008005,640578,479755,439275
1,642,483465,478816,537225,527389,508749,525756,678257,645915,698677,764341,769750,572464,522664,553760,420195,250002,166705,147876
2,642,457978,452899,508491,499506,478146,484021,619216,599230,675509,745096,770233,599800,605213,701151,587810,390576,313050,291399
0,643,8840129,9524091,8717808,7519166,6568460,7730378,11381994,12407471,10996069,10038204,8580810,9394375,10102963,8837050,6201861,3381068,2913257,2670790
1,643,4537446,4893113,4468578,3843760,3348676,3935702,5728643,6165261,5340806,4791641,4002760,4205381,4276624,3435358,2220029,1057916,756156,589277
2,643,4302683,4630978,4249230,3675406,3219784,3794676,5653351,6242210,5655263,5246563,4578050,5188994,5826339,5401692,3981832,2323152,2157101,2081513
0,703,281468,282720,285087,268656,272493,335253,395643,426066,454566,428228,359085,347131,355930,339764,263107,173368,106348,85280
1,703,144132,144570,145833,137585,139648,171724,201965,218078,233415,218235,179202,168563,167397,152416,110814,65484,35172,24734
2,703,137336,138150,139254,131071,132845,163529,193678,207988,221151,209993,179883,178568,188533,187348,152293,107884,71176,60546
0,804,1952324,2377166,2493563,2122291,2007174,2453167,3290268,3660201,3433145,3142641,2806265,2912961,2926221,2648392,1956275,1203894,1025042,781130
1,804,1003972,1223725,1283326,1093785,1030987,1255068,1674554,1852066,1689801,1507664,1309964,1297746,1234967,1021493,696850,384238,275297,184834
2,804,948352,1153441,1210237,1028506,976187,1198099,1615714,1808135,1743344,1634977,1496301,1615215,1691254,1626899,1259425,819656,749745,596296
0,923,15933440,17126321,16681190,14763971,13528497,16140033,21992633,23786380,22458691,21001043,18344587,18634819,19664799,18201721,13530979,8068685,6305891,5699293
1,923,8176669,8798167,8558120,7561658,6910838,8241535,11177878,11996400,11115987,10230090,8761001,8562858,8596995,7420266,5157049,2781023,1829930,1438139
2,923,7756771,8328154,8123070,7202313,6617659,7898498,10814755,11789980,11342704,10770953,9583586,10071961,11067804,10781455,8373930,5287662,4475961,4261154
0,208,325100,294179,325197,342561,362745,402227,380921,325423,341979,368305,405766,403465,357815,306563,329177,269490,157788,136251
1,208,167018,150770,167148,174748,185125,205263,194045,164201,171167,182978,204316,202290,176563,148614,159454,127126,69123,49945
2,208,158082,143409,158049,167813,177620,196964,186876,161222,170812,185327,201450,201175,181252,157949,169723,142364,88665,86306
0,233,67988,72551,76452,67689,55674,74529,98947,96497,87793,94976,82447,81953,85728,84415,61365,48926,44084,39891
1,233,35374,37173,39278,34879,28291,38944,52464,50234,45189,48548,40972,39127,39235,35211,23897,16737,12924,9628
2,233,32614,35378,37174,32810,27383,35585,46483,46263,42604,46428,41475,42826,46493,49204,37468,32189,31160,30263
0,246,249931,294088,313757,304132,306438,348667,355835,356233,355812,321328,332043,363548,357636,346006,357452,266085,162954,163011
1,246,127953,150544,160511,155770,157397,178606,182837,183434,182347,163991,167205,180917,175453,165986,167167,119810,66914,54483
2,246,121978,143544,153246,148362,149041,170061,172998,172799,173465,157337,164838,182631,182183,180020,190285,146275,96040,108528
0,352,19956,21890,23373,22271,21640,24733,24389,23506,22581,21322,20730,21056,20882,18197,14828,10630,6542,6874
1,352,10317,11098,12008,11365,10976,12708,12451,11987,11422,10777,10368,10340,10332,9096,7456,5147,2986,2733
2,352,9639,10792,11365,10906,10664,12025,11938,11519,11159,10545,10362,10716,10550,9101,7372,5483,3556,4141
0,372,297097,346595,365569,333432,301073,282917,293973,360634,399781,384071,332617,296505,262276,234035,207482,149969,93887,78290
1,372,152838,178239,186935,169881,152530,143747,148080,176441,193957,188813,165317,147148,129126,114560,100771,71671,42803,30786
2,372,144259,168356,178634,163551,148543,139170,145893,184193,205824,195258,167300,149357,133150,119475,106711,78298,51084,47504
0,428,114834,96748,97728,92164,66608,93455,135951,127717,115544,127876,119646,131761,132522,120825,83518,75393,57716,58828
1,428,59649,50412,50543,46902,34260,48460,69601,64941,57470,62084,57064,60484,58304,48537,30683,23616,16842,13225
2,428,55185,46336,47185,45262,32348,44995,66350,62776,58074,65792,62582,71277,74218,72288,52835,51777,40874,45603
0,440,130750,158522,131366,113665,118881,159490,187750,160305,148793,181526,181199,214623,202394,167890,120616,101758,86340,95836
1,440,67167,81864,67286,58597,61017,83035,97848,83079,74943,87982,86449,98364,88719,67568,43973,32304,27853,23553
2,440,63583,76658,64080,55068,57864,76455,89902,77226,73850,93544,94750,116259,113675,100322,76643,69454,58487,72283
0,578,304903,308821,323003,328701,350504,375825,383689,373204,351037,365679,382733,350539,317216,281445,266419,205787,122417,119450
1,578,157202,158667,165844,168113,180434,194473,196589,191954,182096,188883,197226,180195,161083,140623,130765,97878,53868,43079
2,578,147701,150154,157159,160588,170070,181352,187100,181250,168941,176796,185507,170344,156133,140822,135654,107909,68549,76371
0,752,609689,595552,596881,570301,532364,675389,732956,654212,610114,634459,677399,642409,579738,523835,541659,470437,297509,274069
1,752,313811,305582,306519,291747,273287,345777,373259,334097,311511,321777,343370,325496,290843,259357,263515,225231,135340,101925
2,752,295878,289970,290362,278554,259077,329612,359697,320115,298603,312682,334029,316913,288895,264478,278144,245206,162169,172144
0,826,3860024,4095511,4083178,3795837,3937913,4385252,4689844,4692282,4418465,4246996,4495363,4618849,4131447,3448230,3314471,2686833,1782491,1814927
1,826,1976247,2096487,2088000,1937517,2004028,2227842,2363131,2336046,2198642,2109453,2214632,2267681,2027184,1681241,1589594,1257730,794628,705030
2,826,1883777,1999024,1995178,1858320,1933885,2157410,2326713,2356236,2219823,2137543,2280731,2351168,2104263,1766989,1724877,1429103,987863,1109897
0,924,5995880,6300387,6352947,5988152,6072948,6842359,7303531,7188970,6871070,6767811,7053452,7147924,6468005,5548742,5312457,4297339,2819842,2795823
1,924,3075646,3228927,3252553,3058529,3097253,3489148,3700182,3606055,3438333,3375871,3498691,3523708,3166868,2679333,2524845,1982961,1226976,1037473
2,924,2920234,3071460,3100394,2929623,2975695,3353211,3603349,3582915,3432737,3391940,3554761,3624216,3301137,2869409,2787612,2314378,1592866,1758350
0,191,177599,194485,210263,198087,219734,235898,245875,272183,287989,273641,270473,290618,287988,276788,224231,156913,124235,112285
1,191,91194,100495,108114,101706,112801,120727,125026,138222,146290,137843,133966,140948,136666,129094,98812,61850,44265,31514
2,191,86405,93990,102149,96381,106933,115171,120849,133961,141699,135798,136507,149670,151322,147694,125419,95063,79970,80771
0,196,62564,67602,69074,74073,87148,95726,96576,94070,90141,82939,77398,73674,67734,58215,47918,35591,23861,19086
1,196,32222,34772,35537,38597,46265,50575,50352,47185,43825,40604,37676,36588,33179,28123,22791,16192,10286,6901
2,196,30342,32830,33537,35476,40883,45151,46224,46885,46316,42335,39722,37086,34555,30092,25127,19399,13575,12185
0,300,391177,441239,520548,533856,524385,520199,555124,683927,769024,784784,797892,735530,681568,603370,550851,433746,359670,429751
1,300,201631,227785,268601,273923,267086,270271,290058,350564,391263,394590,394796,357051,322931,279042,250883,195647,152829,175459
2,300,189546,213454,251947,259933,257299,249928,265066,333363,377761,390194,403096,378479,358637,324328,299968,238099,206841,254292
0,380,2212123,2554318,2817776,2904575,2942916,3109846,3316451,3520002,3945818,4616233,4920410,4788896,4197533,3588698,3395812,2789879,2217851,2423642
1,380,1138896,1315291,1449182,1494972,1523372,1605717,1687569,1771467,1974351,2297254,2431888,2344031,2025622,1705728,1587856,1261168,930936,833758
2,380,1073227,1239027,1368594,1409603,1419544,1504129,1628882,1748535,1971467,2318979,2488522,2444865,2171911,1882970,1807956,1528711,1286915,1589884
0,470,21628,21735,20900,20330,23253,28521,32394,32938,31858,29644,25727,26432,29594,27944,27666,20489,12016,10961
1,470,11092,11247,10839,10417,11913,14828,16860,17111,16455,15231,13134,13336,14716,13829,13388,9523,5164,3754
2,470,10536,10488,10061,9913,11340,13693,15534,15827,15403,14413,12593,13096,14878,14115,14278,10966,6852,7207
0,499,36953,36537,38534,39053,40049,42300,42228,44617,44102,41585,38286,39998,39943,37464,28049,16639,11987,9627
1,499,19141,18954,20139,20485,20879,22029,21796,22653,22000,20209,18648,19672,19357,17685,12455,6529,4483,3463
2,499,17812,17583,18395,18568,19170,20271,20432,21964,22102,21376,19638,20326,20586,19779,15594,10110,7504,6164
0,620,393291,422223,471788,516020,540194,537643,544013,611279,723432,803680,765215,733936,692267,627856,576116,471860,351554,358201
1,620,202060,217687,241435,264227,272933,266296,266327,297278,349609,386700,365225,345357,321439,286740,256975,201166,139354,120023
2,620,191231,204536,230353,251793,267261,271347,277686,314001,373823,416980,399990,388579,370828,341116,319141,270694,212200,238178
0,688,414085,423693,466339,502712,516620,548897,602966,601632,608023,613771,578581,546455,526490,563042,500302,300472,185199,153738
1,688,213847,219030,241082,259728,266692,282977,310657,306352,304941,304546,284195,264290,248693,256996,220267,125840,71584,55318
2,688,200238,204663,225257,242984,249928,265920,292309,295280,303082,309225,294386,282165,277797,306046,280035,174632,113615,98420
0,705,97159,107361,108141,96676,93726,103159,124408,144554,157200,150896,148184,149664,144752,141722,109991,80217,60829,59392
1,705,49903,55183,55681,49754,48467,52929,64189,75369,82580,79634,76188,75177,72178,69756,52034,34798,23882,17794
2,705,47256,52178,52460,46922,45259,50230,60219,69185,74620,71262,71996,74487,72574,71966,57957,45419,36947,41598
0,70,126027,149870,177816,166170,198572,198237,199624,235923,228541,221592,223794,253309,249128,225195,164872,100195,78865,51583
1,70,64904,77048,91238,84727,102059,101980,102252,120257,115717,112331,111687,121653,118040,105400,73179,40316,29371,18495
2,70,61123,72822,86578,81443,96513,96257,97372,115666,112824,109261,112107,131656,131088,119795,91693,59879,49494,33088
0,724,1947976,2123458,2450430,2358866,2237806,2323231,2484088,2984466,3775276,4020639,3733187,3487990,3118653,2542327,2214271,1899050,1345868,1671565
1,724,1004941,1093503,1265339,1215446,1146701,1187231,1256009,1487246,1898250,2049836,1890929,1728300,1514367,1214307,1028761,846500,562394,579585
2,724,943035,1029955,1185091,1143420,1091105,1136000,1228079,1497220,1877026,1970803,1842258,1759690,1604286,1328020,1185510,1052550,783474,1091980
0,807,107412,115741,112808,116821,125075,143599,159276,164104,158513,147331,143946,139027,129285,118435,88025,56104,34765,21038
1,807,55164,59933,58388,60174,64377,73737,81539,84117,81039,74738,72571,68954,63125,56601,40071,24050,14154,8065
2,807,52248,55808,54420,56647,60698,69862,77737,79987,77474,72593,71375,70073,66160,61834,47954,32054,20611,12973
0,8,159440,169109,159614,179389,213176,236242,234016,185627,150733,160601,176734,194754,193793,157478,114846,87003,57551,36272
1,8,83195,88018,84910,96443,110690,123152,126794,102098,77943,76301,83667,94354,94380,76208,55347,41573,27311,16228
2,8,76245,81091,74704,82946,102486,113090,107222,83529,72790,84300,93067,100400,99413,81270,59499,45430,30240,20044
0,925,6090845,6766368,7562665,7640567,7683434,8035730,8548387,9490746,10892154,11876859,11834339,11397757,10300714,8918299,8001597,6417717,4844112,5342213
1,925,3139068,3487545,3898882,3936145,3952106,4126055,4353165,4777491,5466288,5955534,5882983,5578851,4956492,4215431,3693256,2851424,2007397,1865008
2,925,2951777,3278823,3663783,3704422,3731328,3909675,4195222,4713255,5425866,5921325,5951356,5818906,5344222,4702868,4308341,3566293,2836715,3477205
0,250,3547171,3834858,4002018,3929952,3744387,3659240,3861161,4083857,3964252,4206256,4384414,4291164,4041170,3777880,3630312,2584596,1743760,2298066
1,250,1814355,1957934,2045460,2004949,1893575,1820645,1894932,1998825,1947555,2077771,2158866,2090264,1937513,1777938,1672185,1157856,722939,768750
2,250,1732816,1876924,1956558,1925003,1850812,1838595,1966229,2085032,2016697,2128485,2225548,2200900,2103657,1999942,1958127,1426740,1020821,1529316
0,276,4104841,3919675,3796429,4007550,4453554,4745789,5266671,5541869,5217284,4967999,6085708,6888269,6188566,5115855,4018976,3445370,3156635,2962547
1,276,2106176,2015647,1965266,2086663,2326305,2481570,2741670,2848679,2641181,2497601,3051802,3433952,3045068,2442203,1871524,1555258,1332816,1068033
2,276,1998665,1904028,1831163,1920887,2127249,2264219,2525001,2693190,2576103,2470398,3033906,3454317,3143498,2673652,2147452,1890112,1823819,1894514
0,40,456697,435712,423879,443131,488238,580302,626366,632811,586435,581794,678141,711638,626365,486993,403241,377855,282835,244279
1,40,234385,224756,218880,228443,252276,299262,320188,320345,295440,290431,338265,355664,308043,232359,186197,167262,118263,85589
2,40,222312,210956,204999,214688,235962,281040,306178,312466,290995,291363,339876,355974,318322,254634,217044,210593,164572,158690
0,442,33707,33926,32836,34668,39766,45566,49584,50433,47757,47334,48522,44980,37461,29444,23565,17188,12160,13470
1,442,17288,17445,16698,17711,20494,23616,25169,25201,24415,24805,25666,23391,19006,14774,11530,7897,5199,4813
2,442,16419,16481,16138,16957,19272,21950,24415,25232,23342,22529,22856,21589,18455,14670,12035,9291,6961,8657
0,528,858111,880812,917919,994888,1025815,1061965,1091363,1047948,996039,1079084,1231612,1267870,1166130,1021687,958942,725695,454616,430953
1,528,439727,451963,471432,510805,525475,541839,553828,529817,500794,538853,616241,637802,583890,503474,465676,344987,203683,160191
2,528,418384,428849,446487,484083,500340,520126,537535,518131,495245,540231,615371,630068,582240,518213,493266,380708,250933,270762
0,56,626707,663064,680233,657015,649835,708982,748253,758210,754882,757584,781114,800569,759702,658813,575246,424394,307477,356196
1,56,321991,342521,350608,337371,333453,363243,378703,378827,380438,387036,398592,405614,378956,320294,270378,191452,128506,123300
2,56,304716,320543,329625,319644,316382,345739,369550,379383,374444,370548,382522,394955,380746,338519,304868,232942,178971,232896
0,756,454503,444777,422169,427081,472957,541670,591948,626115,593236,576015,649715,667589,577122,463543,420341,355927,244645,244287
1,756,232412,228215,216443,217641,240282,274603,299182,314717,298124,289484,327490,336032,290767,228900,201431,165058,106430,88642
2,756,222091,216562,205726,209440,232675,267067,292766,311398,295112,286531,322225,331557,286355,234643,218910,190869,138215,155645
0,926,10086350,10216431,10278954,10498039,10878769,11347934,12239750,12745664,12164422,12221052,13865139,14678153,13402001,11559038,10035011,7934706,6204599,6552700
1,926,5168744,5240416,5286627,5405541,5593944,5806955,6215897,6418632,6090139,6108415,6919858,7285698,6565921,5522312,4681060,3591479,2618937,2300373
2,926,4917606,4976015,4992327,5092498,5284825,5540979,6023853,6327032,6074283,6112637,6945281,7392455,6836080,6036726,5353951,4343227,3585662,4252327
0,36,1687017,1678033,1660787,1583152,1579930,1739478,1878191,1899157,1707694,1657379,1601738,1545765,1469532,1282796,1124368,852176,554935,566665
1,36,866548,860727,850829,809251,802380,886784,946817,948900,851199,822193,790360,763874,720607,623506,544918,407636,256836,226242
2,36,820469,817306,809958,773901,777550,852694,931374,950257,856495,835186,811378,781891,748925,659290,579450,444540,298099,340423
0,554,301664,310580,324074,310838,315153,344692,339505,308275,280243,299776,313244,315706,296024,250999,219949,166281,104699,96499
1,554,155083,159099,166329,158426,160435,177134,171386,149547,133965,142500,148677,151614,142515,120538,105615,78615,47113,38605
2,554,146581,151481,157745,152412,154718,167558,168119,158728,146278,157276,164567,164092,153509,130461,114334,87666,57586,57894
0,927,1988681,1988613,1984861,1893990,1895083,2084170,2217696,2207432,1987937,1957155,1914982,1861471,1765556,1533795,1344317,1018457,659634,663164
1,927,1021631,1019826,1017158,967677,962815,1063918,1118203,1098447,985164,964693,939037,915488,863122,744044,650533,486251,303949,264847
2,927,967050,968787,967703,926313,932268,1020252,1099493,1108985,1002773,992462,975945,945983,902434,789751,693784,532206,355685,398317
0,242,88503,88506,84659,76648,71094,69473,66494,67396,61032,50755,46828,44537,36774,25177,16227,9171,4262,1921
1,242,45463,45343,43203,39315,36383,35241,33952,34482,31336,26072,23680,22325,17937,11822,7373,3830,1654,817
2,242,43040,43163,41456,37333,34711,34232,32542,32914,29696,24683,23148,22212,18837,13355,8854,5341,2608,1104
0,540,19375,21005,21938,21485,23152,21343,20297,20998,19917,20745,19404,17243,14193,10581,8385,5803,3161,1899
1,540,9909,10737,11198,10938,11791,11104,10462,10665,9942,10373,9672,8515,6822,5103,4096,2795,1324,607
2,540,9466,10268,10740,10547,11361,10239,9835,10333,9975,10372,9732,8728,7371,5478,4289,3008,1837,1292
0,548,43632,39615,38178,32753,26916,25095,24045,19816,16692,14118,12004,9845,7312,5089,3323,1825,1058,518
1,548,22406,20473,19783,17040,13917,12148,11319,9626,8325,7108,6148,4997,3713,2621,1679,927,559,263
2,548,21226,19142,18395,15713,12999,12947,12726,10190,8367,7010,5856,4848,3599,2468,1644,898,499,255
0,598,1133173,1063179,1012867,951110,871876,760395,660014,601099,537117,454864,371744,297455,229920,165596,100120,50357,22110,9176
1,598,586106,549451,523008,490589,448517,389869,337532,306972,273772,230911,186901,147063,111315,78347,46824,23671,10430,4341
2,598,547067,513728,489859,460521,423359,370526,322482,294127,263345,223953,184843,150392,118605,87249,53296,26686,11680,4835
0,90,104898,97872,83933,72582,64065,54271,44913,39958,37904,33928,25757,19136,14697,10427,7443,5155,2670,1555
1,90,53958,50464,43326,37474,33299,28229,22676,19379,18265,16734,12909,9562,7333,5174,3546,2391,1265,714
2,90,50940,47408,40607,35108,30766,26042,22237,20579,19639,17194,12848,9574,7364,5253,3897,2764,1405,841
0,928,1389581,1310177,1241575,1154578,1057103,930577,815763,749267,672662,574410,475737,388216,302896,216870,135498,72311,33261,15069
1,928,717842,676468,640518,595356,543907,476591,415941,381124,341640,291198,239310,192462,147120,103067,63518,33614,15232,6742
2,928,671739,633709,601057,559222,513196,453986,399822,368143,331022,283212,236427,195754,155776,113803,71980,38697,18029,8327
0,316,13521,13427,13191,13554,13842,13483,12318,10602,9592,9931,10172,10074,8582,6758,5357,3332,2035,1757
1,316,6945,6891,6779,6946,7205,6986,6231,5317,4842,4994,5185,5179,4318,3281,2499,1488,801,541
2,316,6576,6536,6412,6608,6637,6497,6087,5285,4750,4937,4987,4895,4264,3477,2858,1844,1234,1216
0,954,54382,52840,53743,50345,48155,44949,39860,34273,30114,29133,29294,27639,22979,17605,12236,6548,3300,2478
1,954,27820,27386,27658,25733,24726,23156,20415,17158,14834,14360,14817,14330,11408,8333,5655,2823,1234,747
2,954,26562,25454,26085,24612,23429,21793,19445,17115,15280,14773,14477,13309,11571,9272,6581,3725,2066,1731
0,258,20686,18996,21623,21820,21334,19262,21084,21733,19071,19874,19653,17464,13840,10946,7052,4739,2976,2007
1,258,10471,9887,10996,11397,10974,9707,10481,10595,9595,10002,10134,8908,7086,5577,3524,2309,1349,782
2,258,10215,9109,10627,10423,10360,9555,10603,11138,9476,9872,9519,8556,6754,5369,3528,2430,1627,1225
0,882,26271,24895,22996,20085,16801,14954,12391,10387,9763,9566,9128,7910,6276,4481,2913,1865,1024,535
1,882,13655,12924,11943,10416,8829,7992,6627,5440,5005,4997,4836,4042,3140,2192,1323,766,393,189
2,882,12616,11971,11053,9669,7972,6962,5764,4947,4758,4569,4292,3868,3136,2289,1590,1099,631,346
0,957,67545,64798,65563,62301,56303,49995,46180,43650,39934,40042,39336,34978,27979,21616,14291,9151,5530,3586
1,957,34718,33600,33880,32383,29108,25623,23206,21411,19834,20097,20089,17612,13965,10662,6873,4257,2428,1368
2,957,32827,31198,31683,29918,27195,24372,22974,22239,20100,19945,19247,17366,14014,10954,7418,4894,3102,2218
0,900,657262564,671364541,653583450,615194661,586458810,582610848,597243326,561684110,507198104,471177311,454572643,410032841,322759331,282491935,209472735,137733083,88374995,75855493
1,900,338037004,346042403,337465810,318020781,302744487,299994710,305609946,285379545,256389874,236961038,227098898,202963838,157215571,135079500,97372919,61578591,37150211,27630621
2,900,319225560,325322138,316117640,297173880,283714323,282616138,291633380,276304565,250808230,234216273,227473745,207069003,165543760,147412435,112099816,76154492,51224784,48224872
0,903,204928108,188416374,167789198,145691553,126071882,109620846,95832236,82881661,69027290,55941217,45016404,36262547,28541433,21157139,14341643,8590368,4366356,2252505
1,903,104038427,95573657,84993573,73634528,63536562,55035613,47863063,41149770,34129442,27514036,21902519,17471557,13553379,9855103,6497509,3722798,1792055,858854
2,903,100889681,92842717,82795625,72057025,62535320,54585233,47969173,41731891,34897848,28427181,23113885,18790990,14988054,11302036,7844134,4867570,2574301,1393651
0,904,51126504,52049699,52141073,52895379,53761280,53590186,51758342,49380108,45804341,41220141,37211790,33413913,27946793,22200514,16399456,11099922,7121984,6329374
1,904,26137807,26581236,26581839,26889306,27130051,26894342,25786174,24373559,22384134,19942106,17819882,15863672,13105572,10223127,7387893,4833233,2945494,2321753
2,904,24988697,25468463,25559234,26006073,26631229,26695844,25972168,25006549,23420207,21278035,19391908,17550241,14841221,11977387,9011563,6266689,4176490,4007621
0,908,38106515,40409507,40875756,38890729,38163648,42366056,50084301,53211760,52386337,51866765,51097517,51858653,49835519,44227800,36880044,26718447,20174444,20390029
1,908,19560127,20755055,20996182,19961873,19554141,21663693,25447122,26798578,26110747,25669910,25062533,24951115,23286276,19837342,16056210,11206887,7683240,6640993
2,908,18546388,19654452,19879574,18928856,18609507,20702363,24637179,26413182,26275590,26196855,26034984,26907538,26549243,24390458,20823834,15511560,12491204,13749036
0,909,3500189,3416428,3345742,3161214,3056644,3109691,3119499,3034622,2730647,2600740,2459349,2312304,2119410,1789886,1506342,1106467,701725,684297
1,909,1802011,1757280,1719214,1621149,1560556,1589288,1577765,1518140,1361472,1290348,1213253,1139892,1035615,866106,726579,526945,322843,273704
2,909,1698178,1659148,1626528,1540065,1496088,1520403,1541734,1516482,1369175,1310392,1246096,1172412,1083795,923780,779763,579522,378882,410593
0,935,337624158,365295955,366543912,351035880,341071360,347602727,370005423,348206437,313945812,297165901,296295878,262552001,190773074,172285716,123253377,78060743,48309574,38245913
1,935,175265882,190244863,191482115,183920295,178590514,181422942,191507111,178965924,160771820,151432579,149871529,131762607,94713094,84346078,58741649,35826897,21076201,14544811
2,935,162358276,175051092,175061797,167115585,162480846,166179785,178498312,169240513,153173992,145733322,146424349,130789394,96059980,87939638,64511728,42233846,27233373,23701102
0,940,21163246,21964130,23145204,23053763,23138144,24909861,27376933,29105070,30451037,31423697,32221675,31807920,29698842,26615951,23334083,18037720,13460228,14273725
1,940,10868300,11280874,11899792,11851132,11880979,12764678,13965582,14736838,15324743,15766163,16065272,15672011,14343038,12487878,10633182,7915722,5483378,4883409
2,940,10294946,10683256,11245412,11202631,11257165,12145183,13411351,14368232,15126294,15657534,16156403,16135909,15355804,14128073,12700901,10121998,7976850,9390316
0,963,176312540,159491728,142518752,124131868,106052626,89944500,76514882,64729756,53121472,42728978,33815004,26577125,20536262,15004646,10097753,5990344,2880316,1295027
1,963,89398840,80758191,72050127,62604281,53308809,45048040,38160351,32088413,26229660,21027640,16446306,12713510,9615514,6854724,4478615,2553153,1165595,482109
2,963,86913700,78733537,70468625,61527587,52743817,44896460,38354531,32641343,26891812,21701338,17368698,13863615,10920748,8149922,5619138,3437191,1714721,812918
0,964,121927,117638,119306,112646,104458,94944,86040,77923,70048,69175,68630,62617,50958,39221,26527,15699,8830,6064
1,964,62538,60986,61538,58116,53834,48779,43621,38569,34668,34457,34906,31942,25373,18995,12528,7080,3662,2115
2,964,59389,56652,57768,54530,50624,46165,42419,39354,35380,34718,33724,30675,25585,20226,13999,8619,5168,3949
0,971,176267525,159448015,142475240,124092924,106019194,89916429,76490043,64705909,53098341,42707679,33797191,26562695,20524775,14996260,10092281,5986474,2877788,1293021
1,971,89375955,80735962,72028021,62584533,53291834,45034029,38148530,32077272,26218411,21016829,16437333,12706449,9609932,6850680,4475984,2551369,1164541,481411
2,971,86891570,78712053,70447219,61508391,52727360,44882400,38341513,32628637,26879930,21690850,17359858,13856246,10914843,8145580,5616297,3435105,1713247,811610
0,972,545989,563376,562376,568149,591103,593313,555680,536252,482275,453165,439458,416453,359302,272008,201334,138162,87507,76583
1,972,278716,288155,286589,288615,300804,301063,279571,263955,232848,217259,211022,200373,170513,127596,94534,63152,38600,32500
2,972,267273,275221,275787,279534,290299,292250,276109,272297,249427,235906,228436,216080,188789,144412,106800,75010,48907,44083
0,973,49191947,50120242,50240244,51039738,51956909,51877375,50173686,47877989,44511998,40133636,36218252,32495754,27170357,21599452,15966712,10807806,6939186,6183277
1,973,25151127,25598111,25615154,25950118,26223509,26039560,25001712,23640013,21761431,19424918,17346668,15425844,12737997,9942214,7189023,4702873,2867042,2263515
2,973,24040820,24522131,24625090,25089620,25733400,25837815,25171974,24237976,22750567,20708718,18871584,17069910,14432360,11657238,8777689,6104933,4072144,3919762
0,974,302903480,329948085,333734890,321711108,312507727,317169548,338768546,319530975,288908486,275610015,278433668,247524179,178774636,163361891,117418588,74534822,46016206,36582224
1,974,157466489,172120490,174656553,168864162,163697829,165136879,174658153,163614940,147385504,139918212,140477747,124065604,88783383,80194575,56156579,34320738,20162700,13972971
2,974,145436991,157827595,159078337,152846946,148809898,152032669,164110393,155916035,141522982,135691803,137955921,123458575,89991253,83167316,61262009,40214084,25853506,22609253
0,975,63217343,64147039,57957504,50760310,48444376,49958549,50399918,46678191,40804089,34644666,28954248,24614874,19916706,15005251,10024319,6087509,3754161,2601337
1,975,32378279,32875842,29706780,26022517,25048043,26194692,26471074,24335388,21215659,17938472,14795190,12404841,9823821,7116713,4577677,2658183,1529004,941330
2,975,30839064,31271197,28250724,24737793,23396333,23763857,23928844,22342803,19588430,16706194,14159058,12210033,10092885,7888538,5446642,3429326,2225157,1660007
0,976,1409998,1327494,1255824,1166732,1064594,937671,820175,749258,672100,573162,475633,388957,303561,217528,135383,71705,33159,15462
1,976,728533,685546,648042,601780,548150,480465,418337,381216,341545,290816,239659,193168,147756,103437,63244,33073,15102,6865
2,976,681465,641948,607782,564952,516444,457206,401838,368042,330555,282346,235974,195789,155805,114091,72139,38632,18057,8597
0,981,91908931,95642608,96990241,95228670,97129814,105971458,114229196,115533540,112675063,111371714,108070715,105784386,99631449,87277182,73260447,53898027,38005001,38909424
1,981,47093078,49014330,49709772,48806485,49970153,54930544,59126274,59237947,57245111,56167495,54029528,52167544,47987045,40668399,33171302,23479197,15324000,13225764
2,981,44815853,46628278,47280469,46422185,47159661,51040914,55102922,56295593,55429952,55204219,54041187,53616842,51644404,46608783,40089145,30418830,22681001,25683660
0,982,172700468,203812424,198457379,180380576,174619031,188527955,221683742,211742658,192291814,187908888,200277042,182094212,124827441,120785695,86085266,53182931,33401813,26832226
1,982,89218866,105969219,103676983,94220865,90564188,97065365,112997143,107129882,97030473,94419316,99949330,90073764,60817599,58177786,40421445,24097250,14351929,10161929
2,982,83481602,97843205,94780396,86159711,84054843,91462590,108686599,104612776,95261341,93489572,100327712,92020448,64009842,62607909,45663821,29085681,19049884,16670297
0,983,209939948,206984777,210558803,209462253,201838035,191336714,179641949,166190548,146219081,126654820,109840837,92982345,75595293,57960491,38857982,23656009,13490561,8449108
1,983,108645423,107107218,109057875,108898985,105026863,99173267,92417901,84928411,74242885,63904502,55235363,46569546,37531107,28459620,18556410,10810837,5909182,3505888
2,983,101294525,99877559,101500928,100563268,96811172,92163447,87224048,81262137,71976196,62750318,54605474,46412799,38064186,29500871,20301572,12845172,7581379,4943220
0,984,182448054,164657895,147310294,129864960,112618294,96524506,81450947,67989225,55795341,45032770,36178254,28978296,22538605,16339046,11173978,6931700,3437789,1629339
1,984,92944379,83815371,74884961,65962704,57053952,48698261,40948950,33969579,27763640,22365566,17782228,14056311,10797775,7710996,5178490,3161811,1548018,724441
2,984,89503675,80842524,72425333,63902256,55564342,47826245,40501997,34019646,28031701,22667204,18396026,14921985,11740830,8628050,5995488,3769889,1889771,904898
0,985,111342850,114373168,108800502,103162853,102392052,105001602,106585829,104896969,96051594,84919142,75718897,66854886,55718413,42885087,29491803,18609964,11729760,9326184
1,985,57099061,58648981,55770212,52774482,52095944,53101685,53399422,52235210,47661668,41891762,37010271,32247742,26413723,19907883,13163708,7886889,4666693,3360984
2,985,54243789,55724187,53030290,50388371,50296108,51899917,53186407,52661759,48389926,43027380,38708626,34607144,29304690,22977204,16328095,10723075,7063067,5965200
0,986,92087550,91085542,87576982,82954017,78143155,72380451,65697529,59265112,51415251,44019123,38072823,31482092,24524484,17527894,11804808,7721495,4451643,2817822
1,986,46907374,46343509,44502559,42130686,39521262,36249734,32498528,29062816,25130192,21494176,18603263,15328145,11757533,8203461,5351302,3333598,1796397,1020133
2,986,45180176,44742033,43074423,40823331,38621893,36130717,33199001,30202296,26285059,22524947,19469560,16153947,12766951,9324433,6453506,4387897,2655246,1797689
0,987,61911844,64147878,66395294,66130289,68663682,75782640,80037886,80876413,80007632,80507897,80087757,78698317,73892415,65372133,57448783,44161966,30824512,32686266
1,987,31712899,32861700,34029114,33911292,35429782,39579857,41883243,41881196,41108875,41166582,40653006,39511016,36413835,31364393,26784126,19795189,12937062,11432093
2,987,30198945,31286178,32366180,32218997,33233900,36202783,38154643,38995217,38898757,39341315,39434751,39187301,37478580,34007740,30664657,24366777,17887450,21254173
0,988,146200515,176699298,175070534,160548726,155472234,168779582,203126781,192699520,175359864,175188033,189566297,175084905,121837592,121070865,87727781,54356381,35249851,29041377
1,988,75554377,91978373,91558070,83927611,80695082,87034431,103782303,97669754,88355719,87646393,94126168,86061400,58597286,57291446,40487578,24235275,14702954,10576099
2,988,70646138,84720925,83512464,76621115,74777152,81745151,99344478,95029766,87004145,87541640,95440129,89023505,63240306,63779419,47240203,30121106,20546897,18465278
0,989,339990830,331608799,322901480,309432842,293691612,279585305,265249501,247390746,218485150,187941223,161999781,137975482,112536609,85401025,56954123,34507114,19860649,12789331
1,989,175461403,171130961,166773028,160268780,152087868,144067845,135568377,125716197,110559195,94632570,81204158,68678236,55415603,41530528,26850364,15566380,8542994,5143649
2,989,164529427,160477838,156128452,149164062,141603744,135517460,129681124,121674549,107925955,93308653,80795623,69297246,57121006,43870497,30103759,18940734,11317655,7645682
0,990,106494721,95874138,86088738,76070125,65921332,55978265,46362139,38334022,31087755,25445739,20952753,16475129,12967204,9480633,6523347,4172265,2120434,1061087
1,990,53952434,48524695,43508268,38377845,33164120,28074611,23164551,18954813,15274333,12502801,10166233,7850330,6065116,4347320,2876711,1746634,836486,382548
2,990,52542287,47349443,42580470,37692280,32757212,27903654,23197588,19379209,15813422,12942938,10786520,8624799,6902088,5133313,3646636,2425631,1283948,678539
0,991,178127468,161700347,144360954,125279242,107149584,91890150,79157259,67560498,55685945,44775440,35497065,28027821,21711685,15982085,10777932,6427824,3190794,1541929
1,991,90345509,81905214,73004009,63200684,53881560,46047397,39500976,33518905,27524232,22056669,17290678,13440133,10208750,7355067,4822618,2762544,1308782,599756
2,991,87781959,79795133,71356945,62078558,53268024,45842753,39656283,34041593,28161713,22718771,18206387,14587688,11502935,8627018,5955314,3665280,1882012,942173
0,992,73027430,73747484,74947629,76332453,78010171,79824132,78118802,74268517,69030233,63523913,59618486,56960467,51411824,42970251,33445809,23225982,14804081,14267324
1,992,37331710,37671418,38233379,38840676,39459442,40239026,39173745,36908152,33979348,31016308,29008265,27596862,24589831,20146162,15329946,10281182,6268100,5307008
2,992,35695720,36076066,36714250,37491777,38550729,39585106,38945057,37360365,35050885,32507605,30610221,29363605,26821993,22824089,18115863,12944800,8535981,8960316
0,993,86786296,83866006,76040111,68293468,64106098,62681340,60942651,55399763,47004642,38457687,31758451,26071469,20479533,14936325,10007654,6238975,3450681,2022664
1,993,44583216,43129218,39081587,35160138,33186428,32729410,31929173,28886608,24533925,20115785,16468449,13419834,10433376,7429434,4845990,2966891,1615979,922373
2,993,42203080,40736788,36958524,33133330,30919670,29951930,29013478,26513155,22470717,18341902,15290002,12651635,10046157,7506891,5161664,3272084,1834702,1100291
0,994,54478783,57569796,56860977,53189343,52120911,57034868,65244411,67487709,65091846,63250353,61154130,61109811,57794642,50338781,40949218,29202604,21865431,21688512
1,994,27972458,29570049,29206024,27299138,26699252,29123488,33057040,33907782,32397179,31231522,29909558,29327037,26944554,22530267,17788285,12224046,8328253,7065678
2,994,26506325,27999747,27654953,25890205,25421659,27911380,32187371,33579927,32694667,32018831,31244572,31782774,30850088,27808514,23160933,16978558,13537178,14622834
0,995,169467501,169306683,176390756,180964941,178522457,171225419,162541857,154660446,140742966,125260115,110856447,94844618,77737489,59432403,39882190,24561889,14094716,8954883
1,995,88121360,87992735,91819287,94601288,93398891,89209278,83911850,79257580,71681697,63420471,55936186,47606130,38707227,29391717,19103700,11201315,6168499,3710232
2,995,81346141,81313948,84571469,86363653,85123566,82016141,78630007,75402866,69061269,61839644,54920261,47238488,39030262,30040686,20778490,13360574,7926217,5244651
0,996,95109923,124907388,124716290,110877012,106295953,119704724,151000854,142079038,129425667,135700684,155482269,142825053,93457615,98702569,74314870,48011393,30929461,27344785
1,996,49547493,65637504,65985305,58787115,55989583,62518838,77917484,72786792,66165728,69016124,78383313,71477169,46249788,48164154,35437108,22113117,13443516,10012975
2,996,45562430,59269884,58730985,52089897,50306370,57185886,73083370,69292246,63259939,66684560,77098956,71347884,47207827,50538415,38877762,25898276,17485945,17331810
